3.48734e-06,-1.11997e+09
3.50881e-06,-1.1083e+09
3.5304e-06,-1.09674e+09
3.55213e-06,-1.08531e+09
3.57399e-06,-1.07399e+09
3.59599e-06,-1.06279e+09
3.61812e-06,-1.05171e+09
3.64039e-06,-1.04075e+09
3.6628e-06,-1.02989e+09
3.68534e-06,-1.01916e+09
3.70802e-06,-1.00853e+09
3.73085e-06,-9.98016e+08
3.75381e-06,-9.8761e+08
3.77691e-06,-9.77313e+08
3.80016e-06,-9.67124e+08
3.82355e-06,-9.5704e+08
3.84708e-06,-9.47062e+08
3.87076e-06,-9.37187e+08
3.89458e-06,-9.27416e+08
3.91855e-06,-9.17747e+08
3.94267e-06,-9.08178e+08
3.96694e-06,-8.98709e+08
3.99135e-06,-8.89339e+08
4.01592e-06,-8.80067e+08
4.04064e-06,-8.70891e+08
4.06551e-06,-8.61811e+08
4.09053e-06,-8.52825e+08
4.1157e-06,-8.43933e+08
4.14104e-06,-8.35134e+08
4.16652e-06,-8.26427e+08
4.19217e-06,-8.17811e+08
4.21797e-06,-8.09284e+08
4.24393e-06,-8.00846e+08
4.27005e-06,-7.92496e+08
4.29633e-06,-7.84234e+08
4.32277e-06,-7.76057e+08
4.34938e-06,-7.67966e+08
4.37615e-06,-7.59959e+08
4.40308e-06,-7.52035e+08
4.43018e-06,-7.44194e+08
4.45745e-06,-7.36435e+08
4.48488e-06,-7.28757e+08
4.51249e-06,-7.21159e+08
4.54026e-06,-7.1364e+08
4.56821e-06,-7.06199e+08
4.59632e-06,-6.98836e+08
4.62461e-06,-6.9155e+08
4.65308e-06,-6.8434e+08
4.68171e-06,-6.77205e+08
4.71053e-06,-6.70144e+08
4.73952e-06,-6.63157e+08
4.76869e-06,-6.56243e+08
4.79804e-06,-6.494e+08
4.82757e-06,-6.4263e+08
4.85729e-06,-6.35929e+08
4.88718e-06,-6.29299e+08
4.91726e-06,-6.22738e+08
4.94753e-06,-6.16245e+08
4.97798e-06,-6.0982e+08
5.00861e-06,-6.03462e+08
5.03944e-06,-5.9717e+08
5.07046e-06,-5.90944e+08
5.10167e-06,-5.84782e+08
5.13307e-06,-5.78685e+08
5.16466e-06,-5.72652e+08
5.19645e-06,-5.66681e+08
5.22843e-06,-5.60773e+08
5.26061e-06,-5.54926e+08
5.29299e-06,-5.4914e+08
5.32556e-06,-5.43415e+08
5.35834e-06,-5.37749e+08
5.39132e-06,-5.32142e+08
5.4245e-06,-5.26594e+08
5.45789e-06,-5.21104e+08
5.49148e-06,-5.15671e+08
5.52528e-06,-5.10294e+08
5.55929e-06,-5.04974e+08
5.5935e-06,-4.99709e+08
5.62793e-06,-4.94499e+08
5.66257e-06,-4.89343e+08
5.69742e-06,-4.84241e+08
5.73249e-06,-4.79192e+08
5.76777e-06,-4.74196e+08
5.80327e-06,-4.69252e+08
5.83899e-06,-4.64359e+08
5.87493e-06,-4.59518e+08
5.91108e-06,-4.54727e+08
5.94747e-06,-4.49986e+08
5.98407e-06,-4.45294e+08
6.0209e-06,-4.40651e+08
6.05796e-06,-4.36057e+08
6.09524e-06,-4.3151e+08
6.13276e-06,-4.27011e+08
6.17051e-06,-4.22559e+08
6.20848e-06,-4.18154e+08
6.2467e-06,-4.13794e+08
6.28514e-06,-4.0948e+08
6.32383e-06,-4.0521e+08
6.36275e-06,-4.00985e+08
6.40191e-06,-3.96805e+08
6.44131e-06,-3.92667e+08
6.48096e-06,-3.88573e+08
6.52085e-06,-3.84522e+08
6.56098e-06,-3.80513e+08
6.60136e-06,-3.76546e+08
6.64199e-06,-3.7262e+08
6.68287e-06,-3.68735e+08
6.724e-06,-3.6489e+08
6.76539e-06,-3.61086e+08
6.80703e-06,-3.57321e+08
6.84892e-06,-3.53595e+08
6.89108e-06,-3.49909e+08
6.93349e-06,-3.46261e+08
6.97616e-06,-3.4265e+08
7.0191e-06,-3.39078e+08
7.0623e-06,-3.35542e+08
7.10577e-06,-3.32044e+08
7.1495e-06,-3.28582e+08
7.19351e-06,-3.25156e+08
7.23778e-06,-3.21766e+08
7.28233e-06,-3.18411e+08
7.32715e-06,-3.15091e+08
7.37225e-06,-3.11806e+08
7.41762e-06,-3.08555e+08
7.46328e-06,-3.05338e+08
7.50921e-06,-3.02155e+08
7.55543e-06,-2.99004e+08
7.60193e-06,-2.95887e+08
7.64872e-06,-2.92802e+08
7.69579e-06,-2.89749e+08
7.74316e-06,-2.86728e+08
7.79082e-06,-2.83738e+08
7.83877e-06,-2.8078e+08
7.88701e-06,-2.77853e+08
7.93556e-06,-2.74956e+08
7.9844e-06,-2.72089e+08
8.03354e-06,-2.69252e+08
8.08299e-06,-2.66445e+08
8.13274e-06,-2.63667e+08
8.18279e-06,-2.60918e+08
8.23315e-06,-2.58197e+08
8.28383e-06,-2.55505e+08
8.33481e-06,-2.52841e+08
8.38611e-06,-2.50205e+08
8.43773e-06,-2.47597e+08
8.48966e-06,-2.45015e+08
8.54191e-06,-2.4246e+08
8.59448e-06,-2.39932e+08
8.64738e-06,-2.37431e+08
8.7006e-06,-2.34955e+08
8.75415e-06,-2.32506e+08
8.80803e-06,-2.30082e+08
8.86225e-06,-2.27683e+08
8.91679e-06,-2.25309e+08
8.97167e-06,-2.2296e+08
9.02689e-06,-2.20635e+08
9.08245e-06,-2.18335e+08
9.13835e-06,-2.16058e+08
9.19459e-06,-2.13806e+08
9.25119e-06,-2.11576e+08
9.30812e-06,-2.0937e+08
9.36541e-06,-2.07187e+08
9.42306e-06,-2.05027e+08
9.48105e-06,-2.0289e+08
9.53941e-06,-2.00774e+08
9.59812e-06,-1.98681e+08
9.65719e-06,-1.96609e+08
9.71663e-06,-1.9456e+08
9.77644e-06,-1.92531e+08
9.83661e-06,-1.90524e+08
9.89715e-06,-1.88537e+08
9.95807e-06,-1.86571e+08
1.00194e-05,-1.84626e+08
1.0081e-05,-1.82701e+08
1.01431e-05,-1.80796e+08
1.02055e-05,-1.78911e+08
1.02683e-05,-1.77046e+08
1.03315e-05,-1.752e+08
1.03951e-05,-1.73373e+08
1.04591e-05,-1.71566e+08
1.05235e-05,-1.69777e+08
1.05882e-05,-1.68007e+08
1.06534e-05,-1.66255e+08
1.0719e-05,-1.64522e+08
1.07849e-05,-1.62806e+08
1.08513e-05,-1.61109e+08
1.09181e-05,-1.59429e+08
1.09853e-05,-1.57767e+08
1.10529e-05,-1.56122e+08
1.11209e-05,-1.54494e+08
1.11894e-05,-1.52883e+08
1.12583e-05,-1.51289e+08
1.13275e-05,-1.49712e+08
1.13973e-05,-1.48151e+08
1.14674e-05,-1.46606e+08
1.1538e-05,-1.45078e+08
1.1609e-05,-1.43565e+08
1.16805e-05,-1.42068e+08
1.17523e-05,-1.40587e+08
1.18247e-05,-1.39121e+08
1.18975e-05,-1.37671e+08
1.19707e-05,-1.36236e+08
1.20444e-05,-1.34815e+08
1.21185e-05,-1.33409e+08
1.21931e-05,-1.32019e+08
1.22681e-05,-1.30642e+08
1.23436e-05,-1.2928e+08
1.24196e-05,-1.27932e+08
1.2496e-05,-1.26598e+08
1.2573e-05,-1.25278e+08
1.26503e-05,-1.23972e+08
1.27282e-05,-1.2268e+08
1.28065e-05,-1.214e+08
1.28854e-05,-1.20135e+08
1.29647e-05,-1.18882e+08
1.30445e-05,-1.17643e+08
1.31247e-05,-1.16416e+08
1.32055e-05,-1.15202e+08
1.32868e-05,-1.14001e+08
1.33686e-05,-1.12813e+08
1.34509e-05,-1.11636e+08
1.35336e-05,-1.10472e+08
1.36169e-05,-1.09321e+08
1.37008e-05,-1.08181e+08
1.37851e-05,-1.07053e+08
1.38699e-05,-1.05937e+08
1.39553e-05,-1.04832e+08
1.40412e-05,-1.03739e+08
1.41276e-05,-1.02658e+08
1.42146e-05,-1.01587e+08
1.4302e-05,-1.00528e+08
1.43901e-05,-9.94799e+07
1.44786e-05,-9.84427e+07
1.45677e-05,-9.74163e+07
1.46574e-05,-9.64006e+07
1.47476e-05,-9.53956e+07
1.48384e-05,-9.44009e+07
1.49297e-05,-9.34167e+07
1.50216e-05,-9.24427e+07
1.51141e-05,-9.14789e+07
1.52071e-05,-9.05251e+07
1.53007e-05,-8.95813e+07
1.53949e-05,-8.86473e+07
1.54896e-05,-8.7723e+07
1.55849e-05,-8.68084e+07
1.56809e-05,-8.59033e+07
1.57774e-05,-8.50076e+07
1.58745e-05,-8.41213e+07
1.59722e-05,-8.32443e+07
1.60705e-05,-8.23763e+07
1.61694e-05,-8.15175e+07
1.62689e-05,-8.06675e+07
1.63691e-05,-7.98265e+07
1.64698e-05,-7.89942e+07
1.65712e-05,-7.81706e+07
1.66732e-05,-7.73556e+07
1.67758e-05,-7.6549e+07
1.6879e-05,-7.57509e+07
1.69829e-05,-7.49611e+07
1.70874e-05,-7.41795e+07
1.71926e-05,-7.34061e+07
1.72984e-05,-7.26408e+07
1.74049e-05,-7.18834e+07
1.7512e-05,-7.11339e+07
1.76198e-05,-7.03923e+07
1.77283e-05,-6.96584e+07
1.78374e-05,-6.89321e+07
1.79472e-05,-6.82134e+07
1.80576e-05,-6.75022e+07
1.81688e-05,-6.67984e+07
1.82806e-05,-6.61019e+07
1.83931e-05,-6.54127e+07
1.85063e-05,-6.47307e+07
1.86202e-05,-6.40558e+07
1.87348e-05,-6.33879e+07
1.88501e-05,-6.27271e+07
1.89661e-05,-6.2073e+07
1.90829e-05,-6.14259e+07
1.92003e-05,-6.07854e+07
1.93185e-05,-6.01516e+07
1.94374e-05,-5.95245e+07
1.9557e-05,-5.89039e+07
1.96774e-05,-5.82897e+07
1.97985e-05,-5.7682e+07
1.99204e-05,-5.70806e+07
2.0043e-05,-5.64854e+07
2.01663e-05,-5.58965e+07
2.02904e-05,-5.53137e+07
2.04153e-05,-5.4737e+07
2.0541e-05,-5.41663e+07
2.06674e-05,-5.36016e+07
2.07946e-05,-5.30427e+07
2.09226e-05,-5.24897e+07
2.10514e-05,-5.19424e+07
2.11809e-05,-5.14008e+07
2.13113e-05,-5.08649e+07
2.14425e-05,-5.03346e+07
2.15744e-05,-4.98098e+07
2.17072e-05,-4.92904e+07
2.18408e-05,-4.87765e+07
2.19753e-05,-4.8268e+07
2.21105e-05,-4.77647e+07
2.22466e-05,-4.72667e+07
2.23835e-05,-4.67739e+07
2.25213e-05,-4.62862e+07
2.26599e-05,-4.58036e+07
2.27994e-05,-4.53261e+07
2.29397e-05,-4.48535e+07
2.30809e-05,-4.43858e+07
2.32229e-05,-4.39231e+07
2.33659e-05,-4.34651e+07
2.35097e-05,-4.30119e+07
2.36544e-05,-4.25635e+07
2.38e-05,-4.21197e+07
2.39464e-05,-4.16805e+07
2.40938e-05,-4.1246e+07
2.42421e-05,-4.08159e+07
2.43913e-05,-4.03904e+07
2.45414e-05,-3.99693e+07
2.46925e-05,-3.95525e+07
2.48445e-05,-3.91401e+07
2.49974e-05,-3.87321e+07
2.51512e-05,-3.83282e+07
2.5306e-05,-3.79286e+07
2.54618e-05,-3.75331e+07
2.56185e-05,-3.71418e+07
2.57762e-05,-3.67546e+07
2.59348e-05,-3.63714e+07
2.60945e-05,-3.59921e+07
2.62551e-05,-3.56169e+07
2.64167e-05,-3.52455e+07
2.65792e-05,-3.4878e+07
2.67428e-05,-3.45144e+07
2.69074e-05,-3.41545e+07
2.7073e-05,-3.37984e+07
2.72397e-05,-3.3446e+07
2.74073e-05,-3.30973e+07
2.7576e-05,-3.27522e+07
2.77457e-05,-3.24108e+07
2.79165e-05,-3.20728e+07
2.80883e-05,-3.17384e+07
2.82612e-05,-3.14075e+07
2.84351e-05,-3.10801e+07
2.86102e-05,-3.0756e+07
2.87862e-05,-3.04353e+07
2.89634e-05,-3.0118e+07
2.91417e-05,-2.9804e+07
2.9321e-05,-2.94933e+07
2.95015e-05,-2.91857e+07
2.96831e-05,-2.88815e+07
2.98658e-05,-2.85803e+07
3.00496e-05,-2.82823e+07
3.02345e-05,-2.79875e+07
3.04206e-05,-2.76957e+07
3.06079e-05,-2.74069e+07
3.07962e-05,-2.71211e+07
3.09858e-05,-2.68384e+07
3.11765e-05,-2.65585e+07
3.13684e-05,-2.62816e+07
3.15614e-05,-2.60076e+07
3.17557e-05,-2.57365e+07
3.19512e-05,-2.54681e+07
3.21478e-05,-2.52026e+07
3.23457e-05,-2.49398e+07
3.25447e-05,-2.46798e+07
3.27451e-05,-2.44225e+07
3.29466e-05,-2.41678e+07
3.31494e-05,-2.39159e+07
3.33534e-05,-2.36665e+07
3.35587e-05,-2.34197e+07
3.37652e-05,-2.31756e+07
3.3973e-05,-2.29339e+07
3.41821e-05,-2.26948e+07
3.43925e-05,-2.24582e+07
3.46042e-05,-2.2224e+07
3.48172e-05,-2.19923e+07
3.50315e-05,-2.1763e+07
3.52471e-05,-2.15361e+07
3.5464e-05,-2.13116e+07
3.56823e-05,-2.10894e+07
3.59019e-05,-2.08695e+07
3.61229e-05,-2.06519e+07
3.63452e-05,-2.04366e+07
3.65689e-05,-2.02235e+07
3.6794e-05,-2.00126e+07
3.70204e-05,-1.9804e+07
3.72483e-05,-1.95975e+07
3.74776e-05,-1.93932e+07
3.77082e-05,-1.9191e+07
3.79403e-05,-1.89909e+07
3.81738e-05,-1.87929e+07
3.84088e-05,-1.85969e+07
3.86452e-05,-1.8403e+07
3.8883e-05,-1.82112e+07
3.91223e-05,-1.80213e+07
3.93631e-05,-1.78334e+07
3.96054e-05,-1.76475e+07
3.98492e-05,-1.74635e+07
4.00944e-05,-1.72814e+07
4.03412e-05,-1.71012e+07
4.05895e-05,-1.69229e+07
4.08393e-05,-1.67465e+07
4.10907e-05,-1.65719e+07
4.13436e-05,-1.63991e+07
4.1598e-05,-1.62281e+07
4.18541e-05,-1.60589e+07
4.21117e-05,-1.58915e+07
4.23709e-05,-1.57258e+07
4.26316e-05,-1.55618e+07
4.2894e-05,-1.53996e+07
4.3158e-05,-1.5239e+07
4.34237e-05,-1.50801e+07
4.36909e-05,-1.49229e+07
4.39598e-05,-1.47673e+07
4.42304e-05,-1.46133e+07
4.45026e-05,-1.4461e+07
4.47765e-05,-1.43102e+07
4.50521e-05,-1.4161e+07
4.53294e-05,-1.40133e+07
4.56084e-05,-1.38672e+07
4.58891e-05,-1.37226e+07
4.61715e-05,-1.35796e+07
4.64557e-05,-1.3438e+07
4.67416e-05,-1.32979e+07
4.70293e-05,-1.31592e+07
4.73188e-05,-1.3022e+07
4.761e-05,-1.28863e+07
4.7903e-05,-1.27519e+07
4.81979e-05,-1.26189e+07
4.84945e-05,-1.24874e+07
4.8793e-05,-1.23572e+07
4.90933e-05,-1.22283e+07
4.93955e-05,-1.21008e+07
4.96995e-05,-1.19747e+07
5.00054e-05,-1.18498e+07
5.03132e-05,-1.17263e+07
5.06228e-05,-1.1604e+07
5.09344e-05,-1.1483e+07
5.12479e-05,-1.13633e+07
5.15633e-05,-1.12448e+07
5.18807e-05,-1.11276e+07
5.22e-05,-1.10116e+07
5.25213e-05,-1.08967e+07
5.28445e-05,-1.07831e+07
5.31698e-05,-1.06707e+07
5.3497e-05,-1.05595e+07
5.38263e-05,-1.04494e+07
5.41576e-05,-1.03404e+07
5.44909e-05,-1.02326e+07
5.48263e-05,-1.01259e+07
5.51637e-05,-1.00203e+07
5.55032e-05,-9.91585e+06
5.58448e-05,-9.81247e+06
5.61886e-05,-9.71016e+06
5.65344e-05,-9.60892e+06
5.68823e-05,-9.50873e+06
5.72324e-05,-9.40959e+06
5.75847e-05,-9.31148e+06
5.79391e-05,-9.2144e+06
5.82957e-05,-9.11833e+06
5.86545e-05,-9.02326e+06
5.90155e-05,-8.92918e+06
5.93788e-05,-8.83608e+06
5.97442e-05,-8.74395e+06
6.01119e-05,-8.65278e+06
6.04819e-05,-8.56257e+06
6.08542e-05,-8.47329e+06
6.12287e-05,-8.38494e+06
6.16056e-05,-8.29752e+06
6.19847e-05,-8.21101e+06
6.23662e-05,-8.1254e+06
6.27501e-05,-8.04068e+06
6.31363e-05,-7.95684e+06
6.35249e-05,-7.87388e+06
6.39159e-05,-7.79179e+06
6.43092e-05,-7.71055e+06
6.47051e-05,-7.63015e+06
6.51033e-05,-7.5506e+06
6.5504e-05,-7.47187e+06
6.59072e-05,-7.39397e+06
6.63128e-05,-7.31688e+06
6.67209e-05,-7.24059e+06
6.71316e-05,-7.16509e+06
6.75448e-05,-7.09039e+06
6.79605e-05,-7.01646e+06
6.83788e-05,-6.94331e+06
6.87996e-05,-6.87091e+06
6.92231e-05,-6.79927e+06
6.96491e-05,-6.72838e+06
7.00778e-05,-6.65823e+06
7.05091e-05,-6.58881e+06
7.09431e-05,-6.52011e+06
7.13797e-05,-6.45213e+06
7.18191e-05,-6.38486e+06
7.22611e-05,-6.31829e+06
7.27059e-05,-6.25241e+06
7.31533e-05,-6.18722e+06
7.36036e-05,-6.12271e+06
7.40566e-05,-6.05887e+06
7.45124e-05,-5.9957e+06
7.4971e-05,-5.93318e+06
7.54324e-05,-5.87132e+06
7.58967e-05,-5.81011e+06
7.63638e-05,-5.74953e+06
7.68338e-05,-5.68958e+06
7.73067e-05,-5.63026e+06
7.77825e-05,-5.57156e+06
7.82613e-05,-5.51346e+06
7.8743e-05,-5.45598e+06
7.92276e-05,-5.39909e+06
7.97152e-05,-5.3428e+06
8.02059e-05,-5.28709e+06
8.06995e-05,-5.23197e+06
8.11962e-05,-5.17742e+06
8.1696e-05,-5.12343e+06
8.21988e-05,-5.07002e+06
8.27047e-05,-5.01715e+06
8.32137e-05,-4.96484e+06
8.37259e-05,-4.91308e+06
8.42412e-05,-4.86185e+06
8.47597e-05,-4.81116e+06
8.52814e-05,-4.761e+06
8.58062e-05,-4.71136e+06
8.63344e-05,-4.66223e+06
8.68657e-05,-4.61362e+06
8.74004e-05,-4.56552e+06
8.79383e-05,-4.51792e+06
8.84795e-05,-4.47081e+06
8.90241e-05,-4.4242e+06
8.9572e-05,-4.37807e+06
9.01233e-05,-4.33242e+06
9.0678e-05,-4.28725e+06
9.12361e-05,-4.24255e+06
9.17977e-05,-4.19831e+06
9.23627e-05,-4.15454e+06
9.29311e-05,-4.11122e+06
9.35031e-05,-4.06836e+06
9.40786e-05,-4.02594e+06
9.46576e-05,-3.98396e+06
9.52402e-05,-3.94242e+06
9.58264e-05,-3.90132e+06
9.64162e-05,-3.86064e+06
9.70096e-05,-3.82039e+06
9.76067e-05,-3.78055e+06
9.82075e-05,-3.74114e+06
9.88119e-05,-3.70213e+06
9.94201e-05,-3.66353e+06
0.000100032,-3.62533e+06
0.000100648,-3.58753e+06
0.000101267,-3.55013e+06
0.00010189,-3.51311e+06
0.000102518,-3.47648e+06
0.000103148,-3.44023e+06
0.000103783,-3.40436e+06
0.000104422,-3.36887e+06
0.000105065,-3.33374e+06
0.000105711,-3.29898e+06
0.000106362,-3.26459e+06
0.000107017,-3.23055e+06
0.000107675,-3.19686e+06
0.000108338,-3.16353e+06
0.000109005,-3.13055e+06
0.000109676,-3.09791e+06
0.000110351,-3.06561e+06
0.00011103,-3.03364e+06
0.000111713,-3.00201e+06
0.000112401,-2.97071e+06
0.000113093,-2.93974e+06
0.000113789,-2.90909e+06
0.000114489,-2.87875e+06
0.000115194,-2.84874e+06
0.000115903,-2.81904e+06
0.000116616,-2.78964e+06
0.000117334,-2.76056e+06
0.000118056,-2.73177e+06
0.000118783,-2.70329e+06
0.000119514,-2.6751e+06
0.000120249,-2.64721e+06
0.000120989,-2.61961e+06
0.000121734,-2.5923e+06
0.000122483,-2.56527e+06
0.000123237,-2.53852e+06
0.000123996,-2.51205e+06
0.000124759,-2.48586e+06
0.000125527,-2.45994e+06
0.000126299,-2.43429e+06
0.000127077,-2.40891e+06
0.000127859,-2.38379e+06
0.000128646,-2.35894e+06
0.000129438,-2.33434e+06
0.000130234,-2.31e+06
0.000131036,-2.28592e+06
0.000131842,-2.26208e+06
0.000132654,-2.2385e+06
0.00013347,-2.21516e+06
0.000134292,-2.19206e+06
0.000135118,-2.16921e+06
0.00013595,-2.14659e+06
0.000136787,-2.12421e+06
0.000137628,-2.10206e+06
0.000138476,-2.08014e+06
0.000139328,-2.05845e+06
0.000140185,-2.03699e+06
0.000141048,-2.01575e+06
0.000141916,-1.99473e+06
0.00014279,-1.97393e+06
0.000143669,-1.95335e+06
0.000144553,-1.93298e+06
0.000145443,-1.91283e+06
0.000146338,-1.89288e+06
0.000147238,-1.87315e+06
0.000148145,-1.85362e+06
0.000149056,-1.83429e+06
0.000149974,-1.81516e+06
0.000150897,-1.79624e+06
0.000151826,-1.77751e+06
0.00015276,-1.75898e+06
0.0001537,-1.74063e+06
0.000154646,-1.72249e+06
0.000155598,-1.70453e+06
0.000156556,-1.68675e+06
0.000157519,-1.66917e+06
0.000158489,-1.65176e+06
0.000159464,-1.63454e+06
0.000160446,-1.6175e+06
0.000161433,-1.60063e+06
0.000162427,-1.58394e+06
0.000163427,-1.56743e+06
0.000164432,-1.55108e+06
0.000165444,-1.53491e+06
0.000166463,-1.5189e+06
0.000167487,-1.50307e+06
0.000168518,-1.48739e+06
0.000169555,-1.47189e+06
0.000170599,-1.45654e+06
0.000171649,-1.44135e+06
0.000172705,-1.42632e+06
0.000173768,-1.41145e+06
0.000174838,-1.39673e+06
0.000175914,-1.38217e+06
0.000176997,-1.36776e+06
0.000178086,-1.3535e+06
0.000179182,-1.33938e+06
0.000180285,-1.32542e+06
0.000181395,-1.3116e+06
0.000182511,-1.29792e+06
0.000183634,-1.28439e+06
0.000184765,-1.271e+06
0.000185902,-1.25774e+06
0.000187046,-1.24463e+06
0.000188197,-1.23165e+06
0.000189355,-1.21881e+06
0.000190521,-1.2061e+06
0.000191694,-1.19352e+06
0.000192873,-1.18108e+06
0.00019406,-1.16876e+06
0.000195255,-1.15658e+06
0.000196457,-1.14452e+06
0.000197666,-1.13258e+06
0.000198882,-1.12077e+06
0.000200106,-1.10909e+06
0.000201338,-1.09752e+06
0.000202577,-1.08608e+06
0.000203824,-1.07475e+06
0.000205079,-1.06355e+06
0.000206341,-1.05246e+06
0.000207611,-1.04148e+06
0.000208889,-1.03062e+06
0.000210174,-1.01988e+06
0.000211468,-1.00924e+06
0.000212769,-998719
0.000214079,-988306
0.000215396,-978000
0.000216722,-967802
0.000218056,-957711
0.000219398,-947725
0.000220748,-937842
0.000222107,-928063
0.000223474,-918386
0.00022485,-908810
0.000226234,-899333
0.000227626,-889956
0.000229027,-880676
0.000230437,-871493
0.000231855,-862405
0.000233282,-853413
0.000234718,-844514
0.000236162,-835708
0.000237616,-826994
0.000239078,-818370
0.00024055,-809837
0.00024203,-801392
0.00024352,-793036
0.000245019,-784766
0.000246527,-776583
0.000248044,-768485
0.000249571,-760472
0.000251107,-752542
0.000252652,-744695
0.000254207,-736930
0.000255772,-729245
0.000257346,-721641
0.00025893,-714116
0.000260524,-706669
0.000262127,-699301
0.000263741,-692009
0.000265364,-684792
0.000266997,-677652
0.00026864,-670585
0.000270294,-663593
0.000271957,-656673
0.000273631,-649825
0.000275315,-643049
0.00027701,-636344
0.000278715,-629708
0.00028043,-623141
0.000282156,-616643
0.000283893,-610213
0.00028564,-603850
0.000287398,-597553
0.000289167,-591322
0.000290947,-585156
0.000292738,-579054
0.000294539,-573015
0.000296352,-567040
0.000298176,-561127
0.000300011,-555276
0.000301858,-549485
0.000303716,-543755
0.000305585,-538085
0.000307466,-532474
0.000309358,-526921
0.000311262,-521426
0.000313178,-515989
0.000315106,-510608
0.000317045,-505283
0.000318996,-500014
0.00032096,-494800
0.000322935,-489640
0.000324923,-484534
0.000326922,-479481
0.000328935,-474481
0.000330959,-469533
0.000332996,-464636
0.000335046,-459791
0.000337108,-454996
0.000339183,-450251
0.00034127,-445556
0.000343371,-440909
0.000345484,-436311
0.00034761,-431761
0.00034975,-427259
0.000351903,-422803
0.000354068,-418394
0.000356248,-414030
0.00035844,-409713
0.000360646,-405440
0.000362866,-401212
0.000365099,-397028
0.000367347,-392887
0.000369607,-388790
0.000371882,-384735
0.000374171,-380723
0.000376474,-376752
0.000378791,-372823
0.000381123,-368935
0.000383468,-365088
0.000385829,-361280
0.000388203,-357512
0.000390593,-353784
0.000392997,-350094
0.000395415,-346443
0.000397849,-342830
0.000400298,-339255
0.000402761,-335717
0.00040524,-332215
0.000407735,-328751
0.000410244,-325322
0.000412769,-321929
0.00041531,-318572
0.000417866,-315249
0.000420438,-311961
0.000423025,-308708
0.000425629,-305488
0.000428249,-302302
0.000430884,-299149
0.000433536,-296029
0.000436205,-292942
0.000438889,-289886
0.000441591,-286863
0.000444309,-283871
0.000447043,-280911
0.000449795,-277981
0.000452563,-275081
0.000455348,-272212
0.000458151,-269373
0.000460971,-266564
0.000463808,-263783
0.000466663,-261032
0.000469535,-258310
0.000472425,-255615
0.000475332,-252949
0.000478258,-250311
0.000481202,-247700
0.000484163,-245117
0.000487143,-242560
0.000490141,-240030
0.000493158,-237527
0.000496193,-235049
0.000499247,-232597
0.00050232,-230171
0.000505412,-227771
0.000508523,-225395
0.000511652,-223044
0.000514801,-220717
0.00051797,-218415
0.000521158,-216137
0.000524366,-213882
0.000527593,-211651
0.00053084,-209444
0.000534107,-207259
0.000537395,-205097
0.000540702,-202958
0.00054403,-200841
0.000547379,-198746
0.000550748,-196672
0.000554137,-194621
0.000557548,-192591
0.000560979,-190582
0.000564432,-188594
0.000567906,-186627
0.000571401,-184680
0.000574918,-182753
0.000578457,-180847
0.000582017,-178960
0.000585599,-177093
0.000589204,-175246
0.00059283,-173418
0.000596479,-171609
0.00060015,-169819
0.000603844,-168047
0.00060756,-166294
0.0006113,-164559
0.000615062,-162842
0.000618848,-161144
0.000622657,-159463
0.000626489,-157799
0.000630345,-156153
0.000634224,-154524
0.000638128,-152912
0.000642055,-151316
0.000646007,-149738
0.000649983,-148175
0.000653984,-146630
0.000658009,-145100
0.000662059,-143586
0.000666134,-142088
0.000670233,-140606
0.000674359,-139139
0.000678509,-137687
0.000682685,-136250
0.000686887,-134829
0.000691115,-133422
0.000695368,-132030
0.000699648,-130652
0.000703954,-129289
0.000708287,-127940
0.000712646,-126605
0.000717033,-125284
0.000721446,-123977
0.000725886,-122684
0.000730354,-121403
0.000734849,-120137
0.000739372,-118883
0.000743922,-117643
0.000748501,-116415
0.000753108,-115200
0.000757743,-113998
0.000762407,-112809
0.000767099,-111632
0.000771821,-110467
0.000776571,-109314
0.000781351,-108173
0.00078616,-107044
0.000790998,-105927
0.000795867,-104822
0.000800765,-103728
0.000805694,-102646
0.000810653,-101574
0.000815642,-100514
0.000820662,-99465.4
0.000825713,-98427.4
0.000830795,-97400.2
0.000835909,-96383.7
0.000841053,-95377.8
0.00084623,-94382.4
0.000851438,-93397.3
0.000856679,-92422.6
0.000861951,-91458
0.000867257,-90503.4
0.000872594,-89558.8
0.000877965,-88624.1
0.000883369,-87699.1
0.000888806,-86783.7
0.000894276,-85877.9
0.00089978,-84981.6
0.000905318,-84094.5
0.00091089,-83216.8
0.000916496,-82348.2
0.000922137,-81488.6
0.000927813,-80638
0.000933523,-79796.3
0.000939269,-78963.3
0.00094505,-78139
0.000950867,-77323.4
0.000956719,-76516.2
0.000962607,-75717.4
0.000968532,-74927
0.000974493,-74144.8
0.000980491,-73370.8
0.000986526,-72604.8
0.000992597,-71846.8
0.000998707,-71096.8
0.00100485,-70354.5
0.00101104,-69620
0.00101726,-68893.2
0.00102352,-68173.9
0.00102982,-67462.1
0.00103616,-66757.7
0.00104254,-66060.7
0.00104895,-65371
0.00105541,-64688.4
0.00106191,-64013
0.00106844,-63344.6
0.00107502,-62683.2
0.00108163,-62028.6
0.00108829,-61380.9
0.00109499,-60740
0.00110173,-60105.7
0.00110851,-59478.1
0.00111533,-58856.9
0.0011222,-58242.3
0.0011291,-57634.1
0.00113605,-57032.2
0.00114305,-56436.6
0.00115008,-55847.2
0.00115716,-55263.9
0.00116428,-54686.7
0.00117145,-54115.6
0.00117866,-53550.4
0.00118591,-52991.1
0.00119321,-52437.6
0.00120055,-51889.9
0.00120794,-51347.9
0.00121538,-50811.6
0.00122286,-50280.8
0.00123039,-49755.6
0.00123796,-49235.8
0.00124558,-48721.5
0.00125324,-48212.5
0.00126096,-47708.9
0.00126872,-47210.5
0.00127653,-46717.3
0.00128438,-46229.2
0.00129229,-45746.2
0.00130024,-45268.3
0.00130824,-44795.3
0.0013163,-44327.3
0.0013244,-43864.2
0.00133255,-43405.8
0.00134075,-42952.3
0.001349,-42503.5
0.00135731,-42059.4
0.00136566,-41619.9
0.00137407,-41184.9
0.00138252,-40754.6
0.00139103,-40328.7
0.00139959,-39907.2
0.00140821,-39490.1
0.00141687,-39077.4
0.0014256,-38669
0.00143437,-38264.9
0.0014432,-37864.9
0.00145208,-37469.2
0.00146102,-37077.5
0.00147001,-36690
0.00147906,-36306.4
0.00148816,-35926.9
0.00149732,-35551.4
0.00150654,-35179.7
0.00151581,-34811.9
0.00152514,-34448
0.00153452,-34087.9
0.00154397,-33731.5
0.00155347,-33378.8
0.00156303,-33029.8
0.00157265,-32684.4
0.00158233,-32342.7
0.00159207,-32004.5
0.00160187,-31669.8
0.00161173,-31338.7
0.00162165,-31010.9
0.00163163,-30686.6
0.00164167,-30365.7
0.00165178,-30048.1
0.00166194,-29733.9
0.00167217,-29422.9
0.00168246,-29115.1
0.00169282,-28810.6
0.00170324,-28509.2
0.00171372,-28211
0.00172427,-27915.9
0.00173488,-27623.8
0.00174556,-27334.8
0.0017563,-27048.9
0.00176711,-26765.9
0.00177799,-26485.8
0.00178893,-26208.7
0.00179994,-25934.4
0.00181102,-25663.1
0.00182217,-25394.5
0.00183338,-25128.8
0.00184467,-24865.8
0.00185602,-24605.6
0.00186744,-24348
0.00187894,-24093.2
0.0018905,-23841
0.00190214,-23591.5
0.00191384,-23344.5
0.00192562,-23100.1
0.00193747,-22858.3
0.0019494,-22619
0.0019614,-22382.2
0.00197347,-22147.9
0.00198562,-21916
0.00199784,-21686.5
0.00201013,-21459.4
0.00202251,-21234.7
0.00203495,-21012.3
0.00204748,-20792.2
0.00206008,-20574.5
0.00207276,-20359
0.00208552,-20145.7
0.00209835,-19934.7
0.00211127,-19725.9
0.00212426,-19519.2
0.00213734,-19314.7
0.00215049,-19112.4
0.00216373,-18912.1
0.00217704,-18714
0.00219044,-18517.9
0.00220393,-18323.8
0.00221749,-18131.8
0.00223114,-17941.8
0.00224487,-17753.7
0.00225869,-17567.6
0.00227259,-17383.5
0.00228658,-17201.3
0.00230065,-17021
0.00231481,-16842.5
0.00232906,-16665.9
0.00234339,-16491.2
0.00235781,-16318.3
0.00237233,-16147.1
0.00238693,-15977.8
0.00240162,-15810.2
0.0024164,-15644.4
0.00243127,-15480.3
0.00244624,-15318
0.00246129,-15157.3
0.00247644,-14998.3
0.00249168,-14840.9
0.00250702,-14685.2
0.00252245,-14531.1
0.00253797,-14378.6
0.00255359,-14227.7
0.00256931,-14078.4
0.00258513,-13930.6
0.00260104,-13784.4
0.00261704,-13639.7
0.00263315,-13496.5
0.00264936,-13354.8
0.00266566,-13214.6
0.00268207,-13075.8
0.00269858,-12938.5
0.00271519,-12802.7
0.0027319,-12668.2
0.00274871,-12535.1
0.00276563,-12403.5
0.00278265,-12273.2
0.00279978,-12144.2
0.00281701,-12016.6
0.00283435,-11890.4
0.0028518,-11765.4
0.00286935,-11641.8
0.00288701,-11519.4
0.00290478,-11398.3
0.00292265,-11278.5
0.00294064,-11159.9
0.00295874,-11042.6
0.00297695,-10926.5
0.00299528,-10811.6
0.00301371,-10697.9
0.00303226,-10585.4
0.00305092,-10474
0.0030697,-10363.8
0.00308859,-10254.8
0.0031076,-10146.9
0.00312673,-10040.1
0.00314597,-9934.47
0.00316534,-9829.92
0.00318482,-9726.45
0.00320442,-9624.06
0.00322414,-9522.74
0.00324399,-9422.47
0.00326395,-9323.26
0.00328404,-9225.07
0.00330425,-9127.91
0.00332459,-9031.76
0.00334505,-8936.62
0.00336564,-8842.46
0.00338636,-8749.29
0.0034072,-8657.09
0.00342817,-8565.85
0.00344927,-8475.57
0.0034705,-8386.22
0.00349186,-8297.8
0.00351335,-8210.31
0.00353497,-8123.73
0.00355673,-8038.05
0.00357862,-7953.27
0.00360065,-7869.37
0.00362281,-7786.34
0.00364511,-7704.18
0.00366754,-7622.88
0.00369011,-7542.42
0.00371283,-7462.81
0.00373568,-7384.02
0.00375867,-7306.06
0.0037818,-7228.9
0.00380508,-7152.56
0.0038285,-7077
0.00385206,-7002.24
0.00387577,-6928.26
0.00389963,-6855.04
0.00392363,-6782.59
0.00394778,-6710.9
0.00397207,-6639.95
0.00399652,-6569.75
0.00402112,-6500.27
0.00404587,-6431.52
0.00407077,-6363.49
0.00409582,-6296.16
0.00412103,-6229.54
0.0041464,-6163.61
0.00417192,-6098.37
0.0041976,-6033.81
0.00422343,-5969.92
0.00424942,-5906.7
0.00427558,-5844.14
0.00430189,-5782.23
0.00432837,-5720.97
0.00435501,-5660.34
0.00438182,-5600.35
0.00440879,-5540.98
0.00443592,-5482.23
0.00446322,-5424.1
0.00449069,-5366.57
0.00451833,-5309.64
0.00454614,-5253.3
0.00457412,-5197.55
0.00460227,-5142.39
0.0046306,-5087.79
0.0046591,-5033.77
0.00468778,-4980.31
0.00471663,-4927.41
0.00474566,-4875.06
0.00477487,-4823.25
0.00480426,-4771.99
0.00483382,-4721.26
0.00486358,-4671.06
0.00489351,-4621.38
0.00492363,-4572.22
0.00495393,-4523.57
0.00498442,-4475.43
0.0050151,-4427.79
0.00504597,-4380.65
0.00507702,-4334
0.00510827,-4287.84
0.00513971,-4242.16
0.00517135,-4196.95
0.00520318,-4152.22
0.0052352,-4107.95
0.00526742,-4064.14
0.00529984,-4020.79
0.00533246,-3977.9
0.00536528,-3935.45
0.0053983,-3893.44
0.00543153,-3851.87
0.00546496,-3810.73
0.00549859,-3770.03
0.00553244,-3729.74
0.00556649,-3689.88
0.00560075,-3650.43
0.00563522,-3611.4
0.0056699,-3572.77
0.0057048,-3534.54
0.00573991,-3496.72
0.00577524,-3459.28
0.00581079,-3422.24
0.00584655,-3385.58
0.00588253,-3349.31
0.00591874,-3313.41
0.00595517,-3277.89
0.00599182,-3242.74
0.0060287,-3207.96
0.0060658,-3173.53
0.00610314,-3139.47
0.0061407,-3105.76
0.0061785,-3072.41
0.00621652,-3039.4
0.00625479,-3006.74
0.00629328,-2974.41
0.00633202,-2942.42
0.00637099,-2910.77
0.0064102,-2879.45
0.00644965,-2848.45
0.00648935,-2817.78
0.00652929,-2787.43
0.00656948,-2757.39
0.00660991,-2727.67
0.00665059,-2698.25
0.00669153,-2669.15
0.00673271,-2640.34
0.00677415,-2611.84
0.00681584,-2583.63
0.00685779,-2555.72
0.0069,-2528.1
0.00694247,-2500.77
0.0069852,-2473.72
0.00702819,-2446.96
0.00707145,-2420.47
0.00711497,-2394.26
0.00715876,-2368.32
0.00720282,-2342.66
0.00724716,-2317.26
0.00729176,-2292.12
0.00733664,-2267.25
0.00738179,-2242.64
0.00742723,-2218.28
0.00747294,-2194.18
0.00751894,-2170.33
0.00756521,-2146.73
0.00761177,-2123.37
0.00765862,-2100.26
0.00770576,-2077.39
0.00775319,-2054.76
0.00780091,-2032.36
0.00784892,-2010.2
0.00789723,-1988.27
0.00794583,-1966.57
0.00799474,-1945.09
0.00804395,-1923.84
0.00809345,-1902.81
0.00814327,-1881.99
0.00819339,-1861.4
0.00824382,-1841.02
0.00829456,-1820.85
0.00834561,-1800.89
0.00839697,-1781.15
0.00844865,-1761.6
0.00850065,-1742.26
0.00855297,-1723.13
0.00860561,-1704.19
0.00865858,-1685.45
0.00871187,-1666.9
0.00876549,-1648.55
0.00881944,-1630.39
0.00887372,-1612.42
0.00892834,-1594.64
0.00898329,-1577.04
0.00903858,-1559.63
0.00909421,-1542.39
0.00915018,-1525.34
0.0092065,-1508.47
0.00926317,-1491.77
0.00932018,-1475.24
0.00937754,-1458.89
0.00943526,-1442.71
0.00949333,-1426.7
0.00955176,-1410.85
0.00961055,-1395.17
0.0096697,-1379.65
0.00972922,-1364.3
0.0097891,-1349.1
0.00984935,-1334.06
0.00990997,-1319.18
0.00997096,-1304.46
0.0100323,-1289.89
0.0100941,-1275.47
0.0101562,-1261.2
0.0102187,-1247.08
0.0102816,-1233.11
0.0103449,-1219.28
0.0104086,-1205.6
0.0104726,-1192.06
0.0105371,-1178.66
0.0106019,-1165.4
0.0106672,-1152.28
0.0107328,-1139.3
0.0107989,-1126.45
0.0108654,-1113.74
0.0109322,-1101.16
0.0109995,-1088.7
0.0110672,-1076.38
0.0111353,-1064.19
0.0112039,-1052.13
0.0112728,-1040.19
0.0113422,-1028.38
0.011412,-1016.68
0.0114823,-1005.12
0.0115529,-993.667
0.011624,-982.338
0.0116956,-971.128
0.0117676,-960.034
0.01184,-949.056
0.0119129,-938.193
0.0119862,-927.443
0.01206,-916.805
0.0121342,-906.278
0.0122089,-895.861
0.012284,-885.553
0.0123596,-875.352
0.0124357,-865.258
0.0125122,-855.269
0.0125892,-845.384
0.0126667,-835.602
0.0127447,-825.923
0.0128231,-816.344
0.012902,-806.866
0.0129815,-797.486
0.0130614,-788.205
0.0131417,-779.02
0.0132226,-769.931
0.013304,-760.937
0.0133859,-752.036
0.0134683,-743.229
0.0135512,-734.513
0.0136346,-725.889
0.0137185,-717.354
0.0138029,-708.909
0.0138879,-700.552
0.0139734,-692.282
0.0140594,-684.098
0.0141459,-676
0.014233,-667.986
0.0143206,-660.056
0.0144087,-652.209
0.0144974,-644.443
0.0145866,-636.759
0.0146764,-629.155
0.0147667,-621.63
0.0148576,-614.184
0.0149491,-606.815
0.0150411,-599.524
0.0151336,-592.309
0.0152268,-585.169
0.0153205,-578.103
0.0154148,-571.111
0.0155097,-564.193
0.0156051,-557.346
0.0157012,-550.571
0.0157978,-543.867
0.015895,-537.233
0.0159929,-530.668
0.0160913,-524.172
0.0161903,-517.743
0.01629,-511.382
0.0163903,-505.087
0.0164911,-498.858
0.0165926,-492.694
0.0166948,-486.594
0.0167975,-480.558
0.0169009,-474.585
0.0170049,-468.674
0.0171096,-462.825
0.0172149,-457.038
0.0173208,-451.31
0.0174274,-445.643
0.0175347,-440.035
0.0176426,-434.485
0.0177512,-428.994
0.0178605,-423.559
0.0179704,-418.182
0.018081,-412.861
0.0181923,-407.595
0.0183043,-402.384
0.0184169,-397.228
0.0185303,-392.126
0.0186443,-387.077
0.0187591,-382.081
0.0188745,-377.137
0.0189907,-372.244
0.0191076,-367.403
0.0192252,-362.613
0.0193435,-357.872
0.0194626,-353.181
0.0195823,-348.54
0.0197029,-343.946
0.0198241,-339.401
0.0199462,-334.903
0.0200689,-330.453
0.0201924,-326.048
0.0203167,-321.69
0.0204418,-317.378
0.0205676,-313.11
0.0206942,-308.888
0.0208215,-304.709
0.0209497,-300.574
0.0210786,-296.482
0.0212084,-292.434
0.0213389,-288.427
0.0214702,-284.463
0.0216024,-280.54
0.0217353,-276.658
0.0218691,-272.816
0.0220037,-269.015
0.0221391,-265.254
0.0222754,-261.532
0.0224125,-257.849
0.0225504,-254.204
0.0226892,-250.598
0.0228289,-247.029
0.0229694,-243.498
0.0231108,-240.004
0.023253,-236.546
0.0233961,-233.125
0.0235401,-229.739
0.023685,-226.389
0.0238308,-223.074
0.0239775,-219.794
0.024125,-216.548
0.0242735,-213.336
0.0244229,-210.158
0.0245732,-207.013
0.0247245,-203.901
0.0248766,-200.821
0.0250298,-197.774
0.0251838,-194.759
0.0253388,-191.776
0.0254948,-188.824
0.0256517,-185.902
0.0258096,-183.012
0.0259684,-180.151
0.0261282,-177.321
0.0262891,-174.52
0.0264509,-171.749
0.0266137,-169.007
0.0267775,-166.294
0.0269423,-163.609
0.0271081,-160.952
0.0272749,-158.323
0.0274428,-155.722
0.0276117,-153.148
0.0277817,-150.601
0.0279527,-148.081
0.0281247,-145.588
0.0282978,-143.12
0.028472,-140.679
0.0286472,-138.263
0.0288235,-135.872
0.0290009,-133.507
0.0291794,-131.166
0.029359,-128.851
0.0295397,-126.559
0.0297215,-124.292
0.0299044,-122.048
0.0300885,-119.828
0.0302737,-117.631
0.03046,-115.458
0.0306475,-113.307
0.0308361,-111.179
0.0310259,-109.074
0.0312169,-106.99
0.031409,-104.929
0.0316023,-102.889
0.0317968,-100.871
0.0319925,-98.874
0.0321894,-96.898
0.0323876,-94.9429
0.0325869,-93.0084
0.0327875,-91.0943
0.0329893,-89.2004
0.0331923,-87.3264
0.0333966,-85.4723
0.0336021,-83.6377
0.033809,-81.8224
0.034017,-80.0264
0.0342264,-78.2493
0.0344371,-76.4909
0.034649,-74.7512
0.0348623,-73.0298
0.0350768,-71.3266
0.0352927,-69.6414
0.03551,-67.9741
0.0357285,-66.3243
0.0359484,-64.6921
0.0361697,-63.0771
0.0363923,-61.4792
0.0366163,-59.8982
0.0368416,-58.3339
0.0370684,-56.7862
0.0372965,-55.255
0.0375261,-53.7399
0.0377571,-52.2409
0.0379894,-50.7578
0.0382233,-49.2904
0.0384585,-47.8386
0.0386952,-46.4023
0.0389334,-44.9811
0.039173,-43.5751
0.0394141,-42.1839
0.0396567,-40.8076
0.0399008,-39.4459
0.0401464,-38.0987
0.0403934,-36.7658
0.0406421,-35.4471
0.0408922,-34.1424
0.0411439,-32.8516
0.0413971,-31.5746
0.0416519,-30.3111
0.0419083,-29.0612
0.0421662,-27.8245
0.0424257,-26.6011
0.0426868,-25.3907
0.0429496,-24.1932
0.0432139,-23.0085
0.0434799,-21.8365
0.0437475,-20.677
0.0440168,-19.5299
0.0442877,-18.395
0.0445603,-17.2723
0.0448345,-16.1617
0.0451105,-15.0629
0.0453881,-13.9759
0.0456675,-12.9005
0.0459485,-11.8367
0.0462313,-10.7843
0.0465159,-9.7432
0.0468022,-8.71328
0.0470902,-7.69443
0.0473801,-6.68653
0.0476717,-5.68947
0.0479651,-4.70315
0.0482603,-3.72745
0.0485573,-2.76226
0.0488562,-1.80747
0.0491569,-0.862985
0.0494594,0.0713073
0.0497639,0.99551
0.0500701,1.90973
0.0503783,2.81406
0.0506884,3.70861
0.0510004,4.59347
0.0513142,5.46875
0.0516301,6.33454
0.0519478,7.19094
0.0522676,8.03805
0.0525893,8.87595
0.0529129,9.70475
0.0532386,10.5245
0.0535663,11.3354
0.053896,12.1374
0.0542277,12.9307
0.0545615,13.7154
0.0548973,14.4914
0.0552352,15.259
0.0555751,16.0182
0.0559172,16.7691
0.0562613,17.5118
0.0566076,18.2463
0.056956,18.9728
0.0573066,19.6913
0.0576593,20.4019
0.0580141,21.1047
0.0583712,21.7997
0.0587305,22.4871
0.059092,23.1669
0.0594556,23.8392
0.0598216,24.5041
0.0601898,25.1617
0.0605602,25.8119
0.060933,26.4549
0.061308,27.0909
0.0616853,27.7197
0.062065,28.3416
0.062447,28.9565
0.0628313,29.5646
0.063218,30.1659
0.0636071,30.7605
0.0639986,31.3484
0.0643925,31.9297
0.0647889,32.5046
0.0651876,33.073
0.0655888,33.635
0.0659925,34.1907
0.0663987,34.7401
0.0668074,35.2833
0.0672185,35.8204
0.0676323,36.3514
0.0680485,36.8765
0.0684673,37.3955
0.0688887,37.9087
0.0693127,38.416
0.0697393,38.9175
0.0701686,39.4134
0.0706004,39.9035
0.071035,40.3881
0.0714722,40.8671
0.0719121,41.3406
0.0723547,41.8087
0.0728,42.2713
0.0732481,42.7287
0.0736989,43.1807
0.0741525,43.6275
0.0746089,44.0692
0.0750681,44.5057
0.0755301,44.9371
0.075995,45.3635
0.0764627,45.7849
0.0769333,46.2014
0.0774069,46.613
0.0778833,47.0198
0.0783626,47.4218
0.0788449,47.819
0.0793302,48.2115
0.0798185,48.5994
0.0803097,48.9827
0.080804,49.3614
0.0813014,49.7356
0.0818017,50.1053
0.0823052,50.4706
0.0828118,50.8315
0.0833215,51.188
0.0838343,51.5403
0.0843503,51.8883
0.0848694,52.2321
0.0853918,52.5716
0.0859174,52.9071
0.0864462,53.2384
0.0869782,53.5657
0.0875136,53.8889
0.0880522,54.2082
0.0885941,54.5235
0.0891394,54.8349
0.089688,55.1424
0.0902401,55.4461
0.0907955,55.746
0.0913543,56.0421
0.0919166,56.3345
0.0924823,56.6232
0.0930515,56.9083
0.0936242,57.1897
0.0942004,57.4675
0.0947802,57.7417
0.0953636,58.0125
0.0959505,58.2797
0.0965411,58.5435
0.0971353,58.8038
0.0977331,59.0607
0.0983346,59.3143
0.0989399,59.5645
0.0995488,59.8115
0.100162,60.0551
0.100778,60.2955
0.101398,60.5327
0.102022,60.7667
0.10265,60.9976
0.103282,61.2253
0.103918,61.4499
0.104557,61.6714
0.105201,61.8899
0.105848,62.1054
0.1065,62.3179
0.107155,62.5274
0.107815,62.734
0.108478,62.9376
0.109146,63.1384
0.109818,63.3363
0.110494,63.5314
0.111174,63.7237
0.111858,63.9131
0.112547,64.0999
0.113239,64.2838
0.113936,64.4651
0.114637,64.6436
0.115343,64.8195
0.116053,64.9928
0.116767,65.1634
0.117486,65.3314
0.118209,65.4969
0.118937,65.6598
0.119669,65.8201
0.120405,65.978
0.121146,66.1333
0.121892,66.2862
0.122642,66.4366
0.123397,66.5846
0.124156,66.7301
0.12492,66.8733
0.125689,67.0141
0.126463,67.1526
0.127241,67.2887
0.128024,67.4225
0.128812,67.554
0.129605,67.6832
0.130403,67.8102
0.131205,67.9349
0.132013,68.0574
0.132826,68.1777
0.133643,68.2958
0.134466,68.4117
0.135293,68.5255
0.136126,68.6371
0.136964,68.7467
0.137807,68.8541
0.138655,68.9594
0.139508,69.0626
0.140367,69.1638
0.141231,69.2629
0.1421,69.36
0.142975,69.4551
0.143855,69.5482
0.14474,69.6393
0.145631,69.7285
0.146527,69.8157
0.147429,69.9009
0.148336,69.9842
0.149249,70.0656
0.150168,70.1451
0.151092,70.2228
0.152022,70.2985
0.152958,70.3724
0.153899,70.4444
0.154847,70.5146
0.1558,70.583
0.156759,70.6496
0.157723,70.7143
0.158694,70.7773
0.159671,70.8385
0.160654,70.898
0.161642,70.9557
0.162637,71.0116
0.163638,71.0658
0.164645,71.1183
0.165659,71.1691
0.166678,71.2182
0.167704,71.2657
0.168736,71.3114
0.169775,71.3555
0.17082,71.3979
0.171871,71.4387
0.172929,71.4778
0.173993,71.5153
0.175064,71.5512
0.176142,71.5855
0.177226,71.6182
0.178317,71.6493
0.179414,71.6788
0.180518,71.7067
0.181629,71.7331
0.182747,71.758
0.183872,71.7812
0.185004,71.803
0.186142,71.8232
0.187288,71.8419
0.188441,71.8591
0.189601,71.8747
0.190768,71.8889
0.191942,71.9016
0.193123,71.9128
0.194312,71.9225
0.195508,71.9308
0.196711,71.9376
0.197922,71.9429
0.19914,71.9468
0.200366,71.9492
0.201599,71.9502
0.20284,71.9498
0.204088,71.9479
0.205344,71.9446
0.206608,71.94
0.20788,71.9339
0.209159,71.9264
0.210446,71.9175
0.211742,71.9072
0.213045,71.8956
0.214356,71.8825
0.215675,71.8681
0.217003,71.8523
0.218338,71.8352
0.219682,71.8167
0.221034,71.7968
0.222395,71.7756
0.223764,71.753
0.225141,71.7291
0.226526,71.7039
0.227921,71.6773
0.229324,71.6494
0.230735,71.6202
0.232155,71.5897
0.233584,71.5578
0.235022,71.5247
0.236468,71.4902
0.237924,71.4544
0.239388,71.4173
0.240861,71.3789
0.242344,71.3392
0.243835,71.2983
0.245336,71.256
0.246846,71.2124
0.248365,71.1676
0.249894,71.1215
0.251432,71.0741
0.25298,71.0254
0.254537,70.9755
0.256103,70.9242
0.257679,70.8717
0.259265,70.818
0.260861,70.763
0.262467,70.7067
0.264082,70.6491
0.265707,70.5903
0.267343,70.5303
0.268988,70.4689
0.270644,70.4064
0.27231,70.3425
0.273986,70.2774
0.275672,70.2111
0.277369,70.1435
0.279076,70.0747
0.280793,70.0046
0.282522,69.9333
0.28426,69.8607
0.28601,69.7869
0.28777,69.7118
0.289542,69.6355
0.291324,69.558
0.293117,69.4792
0.294921,69.3992
0.296736,69.3179
0.298562,69.2354
0.3004,69.1516
0.302249,69.0667
0.304109,68.9804
0.305981,68.8929
0.307864,68.8042
0.309759,68.7143
0.311665,68.6231
0.313584,68.5306
0.315514,68.4369
0.317455,68.342
0.319409,68.2458
0.321375,68.1484
0.323353,68.0497
0.325343,67.9498
0.327346,67.8487
0.329361,67.7462
0.331388,67.6426
0.333427,67.5377
0.33548,67.4315
0.337544,67.3241
0.339622,67.2154
0.341712,67.1055
0.343815,66.9943
0.345931,66.8819
0.348061,66.7682
0.350203,66.6532
0.352358,66.537
0.354527,66.4195
0.356709,66.3008
0.358904,66.1808
0.361113,66.0595
0.363336,65.9369
0.365572,65.8131
0.367822,65.6879
0.370086,65.5615
0.372364,65.4339
0.374656,65.3049
0.376962,65.1746
0.379282,65.0431
0.381616,64.9103
0.383965,64.7761
0.386328,64.6407
0.388706,64.504
0.391098,64.3659
0.393505,64.2266
0.395927,64.086
0.398364,63.944
0.400816,63.8008
0.403283,63.6562
0.405765,63.5103
0.408263,63.363
0.410775,63.2145
0.413304,63.0646
0.415847,62.9134
0.418407,62.7608
0.420982,62.6069
0.423573,62.4517
0.42618,62.2951
0.428803,62.1372
0.431442,61.9779
0.434098,61.8173
0.43677,61.6552
0.439458,61.4919
0.442163,61.3271
0.444884,61.161
0.447622,60.9935
0.450377,60.8247
0.453149,60.6544
0.455938,60.4828
0.458744,60.3098
0.461568,60.1353
0.464409,59.9595
0.467267,59.7823
0.470143,59.6036
0.473037,59.4236
0.475948,59.2421
0.478877,59.0593
0.481825,58.8749
0.48479,58.6892
0.487774,58.5021
0.490776,58.3135
0.493797,58.1234
0.496836,57.9319
0.499894,57.739
0.502971,57.5446
0.506066,57.3488
0.509181,57.1515
0.512315,56.9527
0.515468,56.7525
0.518641,56.5508
0.521833,56.3477
0.525045,56.143
0.528276,55.9369
0.531528,55.7292
0.534799,55.5201
0.538091,55.3095
0.541402,55.0974
0.544735,54.8838
0.548087,54.6687
0.551461,54.4521
0.554855,54.234
0.55827,54.0143
0.561706,53.7932
0.565163,53.5705
0.568642,53.3463
0.572141,53.1206
0.575663,52.8933
0.579206,52.6645
0.582771,52.4342
0.586358,52.2024
0.589967,51.969
0.593598,51.734
0.597251,51.4976
0.600927,51.2596
0.604626,51.02
0.608347,50.7789
0.612091,50.5363
0.615859,50.2921
0.619649,50.0463
0.623463,49.7991
0.6273,49.5503
0.631161,49.2999
0.635046,49.048
0.638954,48.7945
0.642887,48.5395
0.646844,48.283
0.650825,48.025
0.654831,47.7654
0.658861,47.5042
0.662916,47.2416
0.666996,46.9774
0.671101,46.7117
0.675232,46.4446
0.679388,46.1759
0.683569,45.9057
0.687777,45.634
0.69201,45.3608
0.696269,45.0862
0.700554,44.8101
0.704866,44.5325
0.709204,44.2535
0.713569,43.9731
0.717961,43.6913
0.72238,43.408
0.726826,43.1234
0.7313,42.8374
0.735801,42.55
0.740329,42.2613
0.744886,41.9712
0.74947,41.6799
0.754083,41.3873
0.758725,41.0934
0.763394,40.7983
0.768093,40.502
0.77282,40.2045
0.777577,39.9058
0.782363,39.606
0.787178,39.3051
0.792023,39.0032
0.796898,38.7002
0.801802,38.3963
0.806737,38.0914
0.811702,37.7856
0.816698,37.4789
0.821725,37.1714
0.826782,36.8632
0.831871,36.5542
0.836991,36.2446
0.842143,35.9344
0.847326,35.6236
0.852541,35.3123
0.857788,35.0006
0.863068,34.6886
0.86838,34.3762
0.873724,34.0637
0.879102,33.7511
0.884513,33.4384
0.889957,33.1257
0.895434,32.8132
0.900945,32.501
0.90649,32.189
0.91207,31.8776
0.917683,31.5666
0.923331,31.2564
0.929014,30.9469
0.934732,30.6383
0.940485,30.3308
0.946274,30.0245
0.952098,29.7195
0.957958,29.4161
0.963854,29.1142
0.969786,28.8142
0.975755,28.5162
0.981761,28.2204
0.987803,27.9269
0.993883,27.6361
1,27.348
1.00615,27.0628
1.01235,26.7807
1.01858,26.5014
1.02485,26.2251
1.03116,25.9517
1.0375,25.6811
1.04389,25.4134
1.05031,25.1484
1.05678,24.8862
1.06328,24.6267
1.06983,24.37
1.07641,24.1159
1.08303,23.8644
1.0897,23.6156
1.09641,23.3694
1.10316,23.1257
1.10995,22.8846
1.11678,22.646
1.12365,22.4099
1.13057,22.1763
1.13752,21.945
1.14453,21.7162
1.15157,21.4898
1.15866,21.2658
1.16579,21.044
1.17296,20.8246
1.18018,20.6075
1.18745,20.3927
1.19476,20.18
1.20211,19.9696
1.20951,19.7614
1.21695,19.5554
1.22444,19.3515
1.23198,19.1497
1.23956,18.9501
1.24719,18.7525
1.25487,18.557
1.26259,18.3635
1.27036,18.172
1.27818,17.9826
1.28605,17.7951
1.29396,17.6095
1.30193,17.4259
1.30994,17.2443
1.318,17.0645
1.32611,16.8865
1.33428,16.7105
1.34249,16.5363
1.35075,16.3638
1.35906,16.1932
1.36743,16.0244
1.37584,15.8573
1.38431,15.692
1.39283,15.5284
1.40141,15.3665
1.41003,15.2063
1.41871,15.0477
1.42744,14.8908
1.43623,14.7356
1.44507,14.5819
1.45396,14.4299
1.46291,14.2795
1.47191,14.1306
1.48097,13.9832
1.49009,13.8375
1.49926,13.6932
1.50849,13.5504
1.51777,13.4091
1.52711,13.2693
1.53651,13.131
1.54597,12.9941
1.55548,12.8586
1.56506,12.7245
1.57469,12.5919
1.58438,12.4606
1.59413,12.3307
1.60394,12.2021
1.61382,12.0749
1.62375,11.949
1.63374,11.8244
1.6438,11.7011
1.65392,11.5791
1.6641,11.4584
1.67434,11.3389
1.68464,11.2207
1.69501,11.1037
1.70544,10.9879
1.71594,10.8734
1.7265,10.76
1.73713,10.6478
1.74782,10.5368
1.75858,10.4269
1.7694,10.3182
1.78029,10.2106
1.79125,10.1042
1.80227,9.99884
1.81337,9.89459
1.82453,9.79143
1.83576,9.68934
1.84705,9.58831
1.85842,9.48834
1.86986,9.38942
1.88137,9.29152
1.89295,9.19465
1.9046,9.09878
1.91632,9.00391
1.92812,8.91004
1.93998,8.81714
1.95192,8.72521
1.96394,8.63424
1.97603,8.54422
1.98819,8.45513
2.00042,8.36698
2.01274,8.27974
2.02512,8.19341
2.03759,8.10799
2.05013,8.02345
2.06275,7.9398
2.07544,7.85702
2.08822,7.7751
2.10107,7.69403
2.114,7.61381
2.12701,7.53443
2.1401,7.45587
2.15328,7.37814
2.16653,7.30121
2.17986,7.22509
2.19328,7.14975
2.20678,7.07521
2.22036,7.00144
2.23403,6.92844
2.24778,6.85621
2.26161,6.78472
2.27553,6.71398
2.28954,6.64398
2.30363,6.57471
2.31781,6.50616
2.33207,6.43833
2.34643,6.3712
2.36087,6.30477
2.3754,6.23903
2.39002,6.17399
2.40473,6.10961
2.41953,6.04591
2.43442,5.98288
2.4494,5.9205
2.46448,5.85877
2.47965,5.79769
2.49491,5.73724
2.51027,5.67742
2.52572,5.61823
2.54126,5.55965
2.5569,5.50168
2.57264,5.44432
2.58847,5.38756
2.6044,5.33138
2.62043,5.2758
2.63656,5.22079
2.65279,5.16636
2.66912,5.11249
2.68554,5.05919
2.70207,5.00644
2.7187,4.95424
2.73544,4.90259
2.75227,4.85147
2.76921,4.80089
2.78626,4.75084
2.80341,4.7013
2.82066,4.65228
2.83802,4.60378
2.85549,4.55578
2.87306,4.50828
2.89075,4.46128
2.90854,4.41476
2.92644,4.36873
2.94445,4.32318
2.96257,4.27811
2.98081,4.2335
2.99915,4.18936
3.01761,4.14568
3.03619,4.10246
3.05487,4.05969
3.07368,4.01736
3.09259,3.97547
3.11163,3.93402
3.13078,3.89301
3.15005,3.85242
3.16944,3.81225
3.18894,3.7725
3.20857,3.73317
3.22832,3.69425
3.24819,3.65573
3.26818,3.61762
3.28829,3.5799
3.30853,3.54257
3.3289,3.50564
3.34939,3.46909
3.37,3.43292
3.39074,3.39712
3.41161,3.36171
3.43261,3.32666
3.45374,3.29197
3.47499,3.25765
3.49638,3.22368
3.5179,3.19007
3.53955,3.15681
3.56134,3.1239
3.58326,3.09133
3.60531,3.0591
3.6275,3.0272
3.64983,2.99564
3.67229,2.96441
3.69489,2.9335
3.71763,2.90291
3.74052,2.87265
3.76354,2.8427
3.7867,2.81306
3.81001,2.78373
3.83346,2.7547
3.85705,2.72598
3.88079,2.69756
3.90468,2.66944
3.92871,2.6416
3.95289,2.61406
3.97722,2.58681
4.0017,2.55984
4.02633,2.53315
4.05111,2.50674
4.07604,2.4806
4.10113,2.45474
4.12637,2.42914
4.15177,2.40382
4.17732,2.37875
4.20303,2.35395
4.2289,2.32941
4.25493,2.30512
4.28112,2.28109
4.30747,2.25731
4.33398,2.23377
4.36065,2.21048
4.38749,2.18743
4.41449,2.16463
4.44167,2.14206
4.469,2.11972
4.49651,2.09762
4.52418,2.07575
4.55203,2.05411
4.58005,2.03269
4.60823,2.0115
4.6366,1.99053
4.66513,1.96977
4.69385,1.94924
4.72274,1.92891
4.7518,1.9088
4.78105,1.8889
4.81048,1.86921
4.84008,1.84972
4.86987,1.83043
4.89985,1.81135
4.93001,1.79246
4.96035,1.77377
4.99088,1.75528
5.0216,1.73698
5.0525,1.71887
5.0836,1.70095
5.11489,1.68321
5.14637,1.66566
5.17804,1.6483
5.20991,1.63111
5.24198,1.61411
5.27424,1.59728
5.3067,1.58062
5.33937,1.56414
5.37223,1.54783
5.40529,1.5317
5.43856,1.51573
5.47204,1.49992
5.50571,1.48428
5.5396,1.46881
5.5737,1.4535
5.608,1.43834
5.64252,1.42334
5.67725,1.4085
5.71219,1.39382
5.74735,1.37929
5.78272,1.36491
5.81831,1.35067
5.85412,1.33659
5.89015,1.32266
5.9264,1.30887
5.96288,1.29522
5.99958,1.28172
6.03651,1.26835
6.07366,1.25513
6.11104,1.24204
6.14865,1.22909
6.1865,1.21628
6.22457,1.2036
6.26289,1.19105
6.30143,1.17863
6.34022,1.16634
6.37924,1.15418
6.4185,1.14215
6.45801,1.13024
6.49775,1.11845
6.53775,1.10679
6.57798,1.09525
6.61847,1.08383
6.65921,1.07253
6.70019,1.06135
6.74143,1.05028
6.78292,1.03933
6.82467,1.0285
6.86667,1.01777
6.90894,1.00716
6.95146,0.996662
6.99424,0.98627
7.03729,0.975987
7.08061,0.965812
7.12419,0.955742
7.16803,0.945777
7.21215,0.935916
7.25654,0.926158
7.3012,0.916502
7.34614,0.906946
7.39135,0.89749
7.43685,0.888133
7.48262,0.878873
7.52867,0.869709
7.57501,0.860642
7.62163,0.851668
7.66854,0.842789
7.71574,0.834001
7.76323,0.825306
7.81101,0.816701
7.85908,0.808186
7.90746,0.79976
7.95612,0.791421
8.00509,0.78317
8.05436,0.775004
8.10394,0.766924
8.15381,0.758928
8.204,0.751015
8.25449,0.743185
8.3053,0.735436
8.35641,0.727768
8.40785,0.72018
8.45959,0.712672
8.51166,0.705241
8.56405,0.697888
8.61676,0.690612
8.66979,0.683411
8.72315,0.676286
8.77684,0.669235
8.83086,0.662257
8.88521,0.655352
8.9399,0.648519
8.99492,0.641758
9.05029,0.635067
9.10599,0.628445
9.16203,0.621893
9.21842,0.615409
9.27516,0.608993
9.33225,0.602643
9.38969,0.59636
9.44748,0.590142
9.50563,0.583989
9.56413,0.5779
9.623,0.571875
9.68222,0.565912
9.74182,0.560012
9.80177,0.554173
9.8621,0.548395
9.9228,0.542678
9.98387,0.53702
10.0453,0.53142
10.1071,0.52588
10.1694,0.520397
10.2319,0.514971
10.2949,0.509602
10.3583,0.504289
10.422,0.499031
10.4862,0.493828
10.5507,0.488679
10.6157,0.483584
10.681,0.478542
10.7467,0.473553
10.8129,0.468615
10.8794,0.463729
10.9464,0.458894
11.0138,0.45411
11.0816,0.449375
11.1498,0.44469
11.2184,0.440053
11.2874,0.435465
11.3569,0.430925
11.4268,0.426432
11.4971,0.421986
11.5679,0.417586
11.6391,0.413232
11.7107,0.408924
11.7828,0.40466
11.8553,0.400441
11.9283,0.396266
12.0017,0.392135
12.0756,0.388046
12.1499,0.384
12.2247,0.379997
12.2999,0.376035
12.3756,0.372114
12.4518,0.368234
12.5284,0.364395
12.6055,0.360596
12.6831,0.356836
12.7612,0.353116
12.8397,0.349434
12.9188,0.345791
12.9983,0.342185
13.0783,0.338618
13.1588,0.335087
13.2397,0.331593
13.3212,0.328136
13.4032,0.324715
13.4857,0.321329
13.5687,0.317979
13.6522,0.314664
13.7363,0.311383
13.8208,0.308137
13.9059,0.304924
13.9915,0.301745
14.0776,0.298599
14.1642,0.295485
14.2514,0.292405
14.3391,0.289356
14.4274,0.286339
14.5162,0.283353
14.6055,0.280399
14.6954,0.277476
14.7858,0.274583
14.8768,0.27172
14.9684,0.268887
15.0605,0.266083
15.1532,0.263309
15.2465,0.260564
15.3403,0.257847
15.4348,0.255159
15.5298,0.252498
15.6253,0.249866
15.7215,0.247261
15.8183,0.244683
15.9156,0.242131
16.0136,0.239607
16.1121,0.237109
16.2113,0.234637
16.3111,0.23219
16.4115,0.229769
16.5125,0.227374
16.6141,0.225003
16.7164,0.222657
16.8193,0.220336
16.9228,0.218038
17.0269,0.215765
17.1317,0.213515
17.2372,0.211289
17.3433,0.209086
17.45,0.206906
17.5574,0.204749
17.6655,0.202614
17.7742,0.200502
17.8836,0.198411
17.9937,0.196343
18.1044,0.194295
18.2158,0.19227
18.328,0.190265
18.4408,0.188281
18.5543,0.186318
18.6685,0.184376
18.7834,0.182453
18.899,0.180551
19.0153,0.178669
19.1323,0.176806
19.2501,0.174962
19.3686,0.173138
19.4878,0.171333
19.6077,0.169547
19.7284,0.167779
19.8498,0.166029
19.972,0.164298
20.0949,0.162585
20.2186,0.16089
20.343,0.159213
20.4682,0.157553
20.5942,0.15591
20.721,0.154285
20.8485,0.152676
20.9768,0.151084
21.1059,0.149509
21.2358,0.14795
21.3665,0.146407
21.498,0.144881
21.6304,0.14337
21.7635,0.141876
21.8974,0.140396
22.0322,0.138933
22.1678,0.137484
22.3042,0.136051
22.4415,0.134632
22.5796,0.133228
22.7186,0.131839
22.8584,0.130465
22.9991,0.129104
23.1407,0.127758
23.2831,0.126426
23.4264,0.125108
23.5706,0.123804
23.7157,0.122513
23.8616,0.121236
24.0085,0.119972
24.1563,0.118721
24.305,0.117483
24.4545,0.116258
24.6051,0.115046
24.7565,0.113846
24.9089,0.112659
25.0622,0.111485
25.2164,0.110322
25.3716,0.109172
25.5278,0.108034
25.6849,0.106908
25.843,0.105793
26.002,0.10469
26.1621,0.103598
26.3231,0.102518
26.4851,0.101449
26.6481,0.100392
26.8121,0.0993449
26.9772,0.0983091
27.1432,0.0972841
27.3103,0.0962698
27.4784,0.095266
27.6475,0.0942728
27.8176,0.0932899
27.9889,0.0923172
28.1611,0.0913547
28.3344,0.0904022
28.5088,0.0894596
28.6843,0.0885269
28.8608,0.0876039
29.0385,0.0866905
29.2172,0.0857867
29.397,0.0848922
29.578,0.0840071
29.76,0.0831312
29.9432,0.0822645
30.1275,0.0814068
30.3129,0.080558
30.4995,0.0797181
30.6872,0.0788869
30.8761,0.0780644
31.0661,0.0772505
31.2573,0.0764451
31.4497,0.075648
31.6432,0.0748593
31.838,0.0740788
32.034,0.0733064
32.2311,0.0725421
32.4295,0.0717858
32.6291,0.0710373
32.8299,0.0702967
33.032,0.0695637
33.2353,0.0688385
33.4398,0.0681207
33.6457,0.0674105
33.8527,0.0667076
34.0611,0.0660121
34.2707,0.0653239
34.4817,0.0646428
34.6939,0.0639688
34.9074,0.0633019
35.1223,0.0626419
35.3384,0.0619887
35.5559,0.0613424
35.7748,0.0607028
35.995,0.0600699
36.2165,0.0594436
36.4394,0.0588239
36.6637,0.0582105
36.8893,0.0576036
37.1164,0.057003
37.3448,0.0564087
37.5747,0.0558206
37.806,0.0552386
38.0386,0.0546626
38.2728,0.0540927
38.5083,0.0535287
38.7453,0.0529706
38.9838,0.0524183
39.2237,0.0518718
39.4651,0.051331
39.708,0.0507958
39.9524,0.0502662
40.1983,0.0497421
40.4458,0.0492235
40.6947,0.0487103
40.9452,0.0482024
41.1972,0.0476998
41.4507,0.0472025
41.7058,0.0467103
41.9625,0.0462233
42.2208,0.0457414
42.4807,0.0452645
42.7421,0.0447925
43.0052,0.0443255
43.2699,0.0438634
43.5362,0.043406
43.8042,0.0429535
44.0738,0.0425056
44.345,0.0420624
44.618,0.0416239
44.8926,0.0411899
45.1689,0.0407605
45.4469,0.0403355
45.7266,0.0399149
46.008,0.0394988
46.2912,0.0390869
46.5761,0.0386794
46.8628,0.0382761
47.1512,0.037877
47.4414,0.0374821
47.7334,0.0370913
48.0272,0.0367046
48.3228,0.0363219
48.6202,0.0359432
48.9195,0.0355684
49.2205,0.0351976
49.5235,0.0348306
49.8283,0.0344675
50.135,0.0341081
50.4436,0.0337525
50.754,0.0334006
51.0664,0.0330523
51.3807,0.0327077
51.6969,0.0323667
52.0151,0.0320292
52.3353,0.0316953
52.6574,0.0313648
52.9815,0.0310378
53.3076,0.0307142
53.6357,0.0303939
53.9658,0.0300771
54.2979,0.0297635
54.6321,0.0294531
54.9684,0.029146
55.3067,0.0288422
55.6471,0.0285414
55.9896,0.0282439
56.3342,0.0279494
56.6809,0.027658
57.0298,0.0273696
57.3808,0.0270842
57.7339,0.0268019
58.0893,0.0265224
58.4468,0.0262459
58.8065,0.0259722
59.1685,0.0257014
59.5326,0.0254335
59.8991,0.0251683
60.2677,0.0249059
60.6387,0.0246462
61.0119,0.0243892
61.3874,0.0241349
61.7652,0.0238833
62.1454,0.0236343
62.5279,0.0233879
62.9127,0.023144
63.2999,0.0229027
63.6895,0.0226639
64.0815,0.0224276
64.4759,0.0221938
64.8728,0.0219624
65.272,0.0217334
65.6738,0.0215068
66.078,0.0212826
66.4847,0.0210607
66.8939,0.0208411
67.3056,0.0206238
67.7198,0.0204087
68.1366,0.020196
68.556,0.0199854
68.978,0.019777
69.4025,0.0195708
69.8297,0.0193668
70.2594,0.0191648
70.6919,0.018965
71.127,0.0187673
71.5647,0.0185716
72.0052,0.018378
72.4484,0.0181864
72.8943,0.0179967
73.3429,0.0178091
73.7943,0.0176234
74.2485,0.0174397
74.7055,0.0172578
75.1653,0.0170779
75.6279,0.0168998
76.0934,0.0167236
76.5618,0.0165493
77.033,0.0163767
77.5071,0.016206
77.9841,0.016037
78.4641,0.0158698
78.947,0.0157043
79.4329,0.0155406
79.9218,0.0153786
80.4137,0.0152182
80.9087,0.0150595
81.4066,0.0149025
81.9077,0.0147471
82.4118,0.0145934
82.919,0.0144412
83.4294,0.0142907
83.9429,0.0141417
84.4595,0.0139942
84.9794,0.0138483
85.5024,0.0137039
86.0286,0.013561
86.5581,0.0134196
87.0909,0.0132797
87.6269,0.0131413
88.1662,0.0130043
88.7089,0.0128687
89.2548,0.0127345
89.8042,0.0126017
90.3569,0.0124703
90.913,0.0123403
91.4726,0.0122116
92.0356,0.0120843
92.6021,0.0119583
93.172,0.0118336
93.7455,0.0117103
94.3224,0.0115882
94.903,0.0114673
95.4871,0.0113478
96.0748,0.0112295
96.6661,0.0111124
97.2611,0.0109965
97.8597,0.0108819
98.462,0.0107684
99.068,0.0106561
99.6777,0.010545
100.291,0.0104351
100.909,0.0103263
101.53,0.0102186
102.154,0.0101121
102.783,0.0100066
103.416,0.00990229
104.052,0.00979905
104.693,0.00969688
105.337,0.00959577
105.985,0.00949572
106.638,0.00939672
107.294,0.00929874
107.954,0.00920179
108.619,0.00910585
109.287,0.00901091
109.96,0.00891695
110.637,0.00882398
111.318,0.00873198
112.003,0.00864093
112.692,0.00855084
113.386,0.00846168
114.084,0.00837346
114.786,0.00828615
115.492,0.00819976
116.203,0.00811426
116.918,0.00802966
117.638,0.00794594
118.362,0.00786309
119.091,0.00778111
119.824,0.00769998
120.561,0.00761969
121.303,0.00754025
122.05,0.00746163
122.801,0.00738383
123.557,0.00730684
124.317,0.00723066
125.082,0.00715526
125.852,0.00708066
126.627,0.00700683
127.406,0.00693378
128.19,0.00686148
128.979,0.00678994
129.773,0.00671914
130.572,0.00664909
131.375,0.00657976
132.184,0.00651116
132.998,0.00644327
133.816,0.00637609
134.64,0.0063096
135.468,0.00624382
136.302,0.00617872
137.141,0.00611429
137.985,0.00605054
138.834,0.00598745
139.689,0.00592503
140.549,0.00586325
141.414,0.00580211
142.284,0.00574162
143.16,0.00568175
144.041,0.00562251
144.928,0.00556389
145.82,0.00550588
146.717,0.00544847
147.62,0.00539166
148.529,0.00533544
149.443,0.00527981
150.363,0.00522476
151.288,0.00517028
152.219,0.00511637
153.156,0.00506303
154.099,0.00501024
155.047,0.004958
156.001,0.0049063
156.962,0.00485515
157.928,0.00480452
158.9,0.00475443
159.878,0.00470485
160.862,0.0046558
161.852,0.00460725
162.848,0.00455922
163.85,0.00451168
164.859,0.00446464
165.873,0.00441808
166.894,0.00437202
167.921,0.00432643
168.955,0.00428132
169.995,0.00423668
171.041,0.00419251
172.094,0.00414879
173.153,0.00410553
174.219,0.00406273
175.291,0.00402037
176.37,0.00397845
177.455,0.00393696
178.548,0.00389591
179.646,0.00385529
180.752,0.00381509
181.865,0.00377532
182.984,0.00373595
184.11,0.003697
185.243,0.00365845
186.384,0.0036203
187.531,0.00358255
188.685,0.0035452
189.846,0.00350823
191.015,0.00347166
192.19,0.00343546
193.373,0.00339964
194.563,0.00336419
195.761,0.00332911
196.966,0.0032944
198.178,0.00326005
199.398,0.00322606
200.625,0.00319242
201.86,0.00315913
203.102,0.00312619
204.352,0.00309359
205.61,0.00306134
206.876,0.00302942
208.149,0.00299783
209.43,0.00296657
210.719,0.00293564
212.016,0.00290503
213.321,0.00287474
214.634,0.00284476
215.955,0.0028151
217.284,0.00278575
218.621,0.0027567
219.967,0.00272796
221.321,0.00269951
222.683,0.00267137
224.053,0.00264351
225.432,0.00261595
226.82,0.00258867
228.216,0.00256168
229.62,0.00253497
231.034,0.00250854
232.456,0.00248238
233.886,0.00245649
235.326,0.00243088
236.774,0.00240553
238.232,0.00238045
239.698,0.00235563
241.173,0.00233107
242.658,0.00230676
244.151,0.00228271
245.654,0.00225891
247.166,0.00223535
248.687,0.00221204
250.218,0.00218898
251.758,0.00216615
253.307,0.00214357
254.866,0.00212121
256.435,0.0020991
258.013,0.00207721
259.601,0.00205555
261.199,0.00203411
262.807,0.0020129
264.424,0.00199192
266.052,0.00197114
267.689,0.00195059
269.337,0.00193025
270.994,0.00191012
272.662,0.00189021
274.34,0.0018705
276.029,0.00185099
277.728,0.00183169
279.437,0.00181259
281.157,0.00179369
282.888,0.00177499
284.629,0.00175648
286.38,0.00173816
288.143,0.00172004
289.917,0.0017021
291.701,0.00168435
293.496,0.00166679
295.303,0.00164941
297.12,0.00163221
298.949,0.00161519
300.789,0.00159835
302.64,0.00158168
304.503,0.00156519
306.377,0.00154887
308.263,0.00153272
310.16,0.00151673
312.069,0.00150092
313.99,0.00148527
315.922,0.00146978
317.867,0.00145445
319.823,0.00143929
321.791,0.00142428
323.772,0.00140943
325.765,0.00139473
327.77,0.00138018
329.787,0.00136579
331.817,0.00135155
333.859,0.00133746
335.914,0.00132351
337.981,0.00130971
340.062,0.00129605
342.155,0.00128254
344.261,0.00126916
346.379,0.00125593
348.511,0.00124283
350.656,0.00122987
352.815,0.00121705
354.986,0.00120435
357.171,0.00119179
359.369,0.00117937
361.581,0.00116707
363.807,0.0011549
366.046,0.00114285
368.299,0.00113094
370.565,0.00111914
372.846,0.00110747
375.141,0.00109592
377.45,0.0010845
379.773,0.00107319
382.11,0.00106199
384.462,0.00105092
386.828,0.00103996
389.209,0.00102912
391.605,0.00101838
394.015,0.00100776
396.44,0.000997254
398.88,0.000986855
401.335,0.000976563
403.805,0.000966379
406.291,0.000956302
408.791,0.000946329
411.307,0.00093646
413.839,0.000926694
416.386,0.00091703
418.949,0.000907467
421.527,0.000898003
424.122,0.000888638
426.732,0.000879371
429.358,0.0008702
432.001,0.000861125
434.66,0.000852145
437.335,0.000843258
440.027,0.000834464
442.735,0.000825762
445.46,0.00081715
448.202,0.000808628
450.96,0.000800195
453.736,0.00079185
456.529,0.000783592
459.338,0.00077542
462.166,0.000767333
465.01,0.00075933
467.872,0.000751411
470.752,0.000743575
473.649,0.00073582
476.564,0.000728146
479.498,0.000720552
482.449,0.000713037
485.418,0.000705601
488.406,0.000698242
491.412,0.00069096
494.436,0.000683753
497.479,0.000676622
500.541,0.000669566
503.622,0.000662582
506.722,0.000655672
509.84,0.000648834
512.978,0.000642067
516.136,0.00063537
519.312,0.000628744
522.509,0.000622186
525.725,0.000615697
528.96,0.000609275
532.216,0.000602921
535.492,0.000596632
538.787,0.00059041
542.104,0.000584252
545.44,0.000578158
548.797,0.000572128
552.175,0.000566161
555.573,0.000560256
558.993,0.000554412
562.433,0.00054863
565.895,0.000542907
569.378,0.000537245
572.882,0.000531641
576.408,0.000526096
579.956,0.000520609
583.526,0.000515179
587.117,0.000509805
590.731,0.000504488
594.366,0.000499226
598.025,0.000494018
601.705,0.000488866
605.409,0.000483766
609.135,0.00047872
612.884,0.000473727
616.656,0.000468786
620.452,0.000463896
624.27,0.000459057
628.113,0.000454269
631.978,0.00044953
635.868,0.000444841
639.782,0.000440201
643.719,0.000435609
647.681,0.000431066
651.668,0.000426569
655.679,0.000422119
659.714,0.000417716
663.775,0.000413359
667.86,0.000409047
671.971,0.00040478
676.106,0.000400557
680.268,0.000396379
684.455,0.000392244
688.667,0.000388152
692.906,0.000384103
697.171,0.000380096
701.461,0.000376131
705.779,0.000372208
710.123,0.000368325
714.493,0.000364482
718.891,0.00036068
723.316,0.000356917
727.767,0.000353194
732.247,0.000349509
736.753,0.000345863
741.288,0.000342255
745.85,0.000338684
750.441,0.000335151
755.06,0.000331655
759.707,0.000328195
764.383,0.000324771
769.088,0.000321382
773.821,0.000318029
778.584,0.000314712
783.376,0.000311428
788.197,0.000308179
793.049,0.000304964
797.93,0.000301782
802.841,0.000298633
807.782,0.000295518
812.754,0.000292434
817.756,0.000289383
822.789,0.000286364
827.853,0.000283376
832.948,0.000280419
838.075,0.000277494
843.233,0.000274598
848.423,0.000271733
853.645,0.000268898
858.899,0.000266092
864.185,0.000263316
869.504,0.000260568
874.856,0.000257849
880.24,0.000255159
885.658,0.000252496
891.109,0.000249862
896.594,0.000247254
902.112,0.000244674
907.664,0.000242121
913.251,0.000239595
918.872,0.000237094
924.527,0.00023462
930.217,0.000232172
935.943,0.000229749
941.703,0.000227352
947.499,0.000224979
953.331,0.000222631
959.198,0.000220308
965.102,0.000218009
971.042,0.000215734
977.019,0.000213482
983.032,0.000211254
989.082,0.00020905
995.17,0.000206868
1001.3,0.000204709
1007.46,0.000202572
1013.66,0.000200458
1019.9,0.000198366
1026.17,0.000196296
1032.49,0.000194247
1038.85,0.00019222
1045.24,0.000190213
1051.67,0.000188228
1058.15,0.000186263
1064.66,0.000184319
1071.21,0.000182395
1077.8,0.000180492
1084.44,0.000178608
1091.11,0.000176743
1097.83,0.000174898
1104.58,0.000173073
1111.38,0.000171266
1118.22,0.000169478
1125.11,0.000167709
1132.03,0.000165959
1139,0.000164226
1146.01,0.000162512
1153.06,0.000160815
1160.16,0.000159136
1167.3,0.000157475
1174.48,0.000155831
1181.71,0.000154204
1188.99,0.000152594
1196.3,0.000151001
1203.67,0.000149425
1211.07,0.000147865
1218.53,0.000146321
1226.03,0.000144793
1233.57,0.000143281
1241.17,0.000141785
1248.81,0.000140305
1256.49,0.00013884
1264.22,0.00013739
1272.01,0.000135956
1279.83,0.000134536
1287.71,0.000133131
1295.64,0.000131741
1303.61,0.000130365
1311.64,0.000129004
1319.71,0.000127657
1327.83,0.000126324
1336,0.000125005
1344.23,0.000123699
1352.5,0.000122407
1360.82,0.000121129
1369.2,0.000119864
1377.63,0.000118612
1386.11,0.000117373
1394.64,0.000116147
1403.22,0.000114934
1411.86,0.000113734
1420.55,0.000112546
1429.29,0.00011137
1438.09,0.000110207
1446.94,0.000109056
1455.84,0.000107917
1464.8,0.000106789
1473.82,0.000105674
1482.89,0.00010457
1492.02,0.000103478
1501.2,0.000102397
1510.44,0.000101327
1519.74,0.000100268
1529.09,9.92208e-05
1538.5,9.81842e-05
1547.97,9.71584e-05
1557.5,9.61433e-05
1567.08,9.51388e-05
1576.73,9.41447e-05
1586.43,9.3161e-05
1596.2,9.21876e-05
1606.02,9.12243e-05
1615.91,9.0271e-05
1625.85,8.93277e-05
1635.86,8.83943e-05
1645.93,8.74705e-05
1656.06,8.65564e-05
1666.25,8.56519e-05
1676.51,8.47567e-05
1686.82,8.38709e-05
1697.21,8.29943e-05
1707.65,8.21269e-05
1718.16,8.12685e-05
1728.74,8.04191e-05
1739.38,7.95785e-05
1750.08,7.87467e-05
1760.85,7.79235e-05
1771.69,7.71089e-05
1782.6,7.63029e-05
1793.57,7.55052e-05
1804.61,7.47159e-05
1815.71,7.39347e-05
1826.89,7.31618e-05
1838.13,7.23968e-05
1849.45,7.16399e-05
1860.83,7.08909e-05
1872.28,7.01496e-05
1883.81,6.94161e-05
1895.4,6.86902e-05
1907.07,6.79719e-05
1918.8,6.72611e-05
1930.61,6.65577e-05
1942.5,6.58617e-05
1954.45,6.51729e-05
1966.48,6.44913e-05
1978.58,6.38167e-05
1990.76,6.31493e-05
2003.01,6.24887e-05
2015.34,6.18351e-05
2027.75,6.11883e-05
2040.23,6.05482e-05
2052.78,5.99148e-05
2065.42,5.9288e-05
2078.13,5.86677e-05
2090.92,5.80539e-05
2103.79,5.74465e-05
2116.74,5.68455e-05
2129.77,5.62507e-05
2142.88,5.56621e-05
2156.06,5.50796e-05
2169.33,5.45032e-05
2182.69,5.39329e-05
2196.12,5.33684e-05
2209.64,5.28099e-05
2223.24,5.22572e-05
2236.92,5.17102e-05
2250.69,5.1169e-05
2264.54,5.06333e-05
2278.48,5.01033e-05
2292.5,4.95788e-05
2306.61,4.90598e-05
2320.81,4.85462e-05
2335.09,4.80379e-05
2349.46,4.75349e-05
2363.93,4.70372e-05
2378.47,4.65447e-05
2393.11,4.60573e-05
2407.84,4.5575e-05
2422.66,4.50977e-05
2437.57,4.46254e-05
2452.58,4.4158e-05
2467.67,4.36955e-05
2482.86,4.32378e-05
2498.14,4.27849e-05
2513.52,4.23367e-05
2528.99,4.18932e-05
2544.55,4.14543e-05
2560.21,4.10199e-05
2575.97,4.05901e-05
2591.83,4.01648e-05
2607.78,3.9744e-05
2623.83,3.93275e-05
2639.98,3.89153e-05
2656.23,3.85075e-05
2672.57,3.81039e-05
2689.02,3.77045e-05
2705.57,3.73093e-05
2722.23,3.69182e-05
2738.98,3.65311e-05
2755.84,3.61481e-05
2772.8,3.57692e-05
2789.87,3.53941e-05
2807.04,3.5023e-05
2824.31,3.46557e-05
2841.7,3.42923e-05
2859.19,3.39326e-05
2876.78,3.35767e-05
2894.49,3.32245e-05
2912.3,3.2876e-05
2930.23,3.25312e-05
2948.26,3.21899e-05
2966.41,3.18521e-05
2984.67,3.15179e-05
3003.04,3.11872e-05
3021.52,3.086e-05
3040.12,3.05361e-05
3058.83,3.02156e-05
3077.66,2.98985e-05
3096.6,2.95846e-05
3115.66,2.92741e-05
3134.83,2.89668e-05
3154.13,2.86626e-05
3173.54,2.83617e-05
3193.07,2.80639e-05
3212.73,2.77692e-05
3232.5,2.74775e-05
3252.39,2.7189e-05
3272.41,2.69034e-05
3292.55,2.66208e-05
3312.82,2.63411e-05
3333.21,2.60644e-05
3353.72,2.57905e-05
3374.36,2.55195e-05
3395.13,2.52513e-05
3416.03,2.4986e-05
3437.05,2.47234e-05
3458.21,2.44635e-05
3479.49,2.42063e-05
3500.91,2.39518e-05
3522.46,2.37e-05
3544.14,2.34508e-05
3565.95,2.32042e-05
3587.9,2.29602e-05
3609.98,2.27187e-05
3632.2,2.24797e-05
3654.55,2.22432e-05
3677.05,2.20092e-05
3699.68,2.17776e-05
3722.45,2.15485e-05
3745.36,2.13217e-05
3768.41,2.10973e-05
3791.61,2.08752e-05
3814.94,2.06555e-05
3838.42,2.0438e-05
3862.05,2.02229e-05
3885.82,2.00099e-05
3909.73,1.97992e-05
3933.8,1.95907e-05
3958.01,1.93843e-05
3982.37,1.91801e-05
4006.88,1.8978e-05
4031.54,1.87781e-05
4056.35,1.85802e-05
4081.32,1.83844e-05
4106.44,1.81906e-05
4131.71,1.79988e-05
4157.14,1.78091e-05
4182.73,1.76213e-05
4208.47,1.74355e-05
4234.38,1.72516e-05
4260.44,1.70696e-05
4286.66,1.68896e-05
4313.04,1.67114e-05
4339.59,1.6535e-05
4366.3,1.63606e-05
4393.17,1.61879e-05
4420.21,1.6017e-05
4447.42,1.58479e-05
4474.79,1.56806e-05
4502.33,1.5515e-05
4530.04,1.53512e-05
4557.92,1.5189e-05
4585.98,1.50286e-05
4614.2,1.48698e-05
4642.6,1.47126e-05
4671.18,1.45572e-05
4699.93,1.44033e-05
4728.85,1.4251e-05
4757.96,1.41004e-05
4787.24,1.39512e-05
4816.71,1.38037e-05
4846.35,1.36577e-05
4876.18,1.35132e-05
4906.19,1.33702e-05
4936.39,1.32287e-05
4966.77,1.30887e-05
4997.34,1.29502e-05
5028.1,1.28131e-05
5059.05,1.26774e-05
5090.18,1.25431e-05
5121.51,1.24102e-05
5153.03,1.22788e-05
5184.75,1.21487e-05
5216.66,1.20199e-05
5248.77,1.18925e-05
5281.07,1.17664e-05
5313.58,1.16417e-05
5346.28,1.15182e-05
5379.19,1.1396e-05
5412.29,1.12751e-05
5445.61,1.11555e-05
5479.12,1.10371e-05
5512.85,1.09199e-05
5546.78,1.0804e-05
5580.91,1.06893e-05
5615.26,1.05757e-05
5649.82,1.04634e-05
5684.6,1.03522e-05
5719.59,1.02422e-05
5754.79,1.01333e-05
5790.21,1.00256e-05
5825.85,9.91897e-06
5861.7,9.81347e-06
5897.78,9.70907e-06
5934.08,9.60576e-06
5970.6,9.50353e-06
6007.35,9.40237e-06
6044.32,9.30226e-06
6081.53,9.20319e-06
6118.96,9.10516e-06
6156.62,9.00815e-06
6194.51,8.91215e-06
6232.64,8.81715e-06
6271,8.72314e-06
6309.59,8.63012e-06
6348.43,8.53806e-06
6387.5,8.44696e-06
6426.81,8.35682e-06
6466.37,8.26761e-06
6506.17,8.17934e-06
6546.21,8.09198e-06
6586.5,8.00554e-06
6627.04,7.92e-06
6667.83,7.83535e-06
6708.87,7.75158e-06
6750.16,7.66869e-06
6791.71,7.58666e-06
6833.51,7.50549e-06
6875.57,7.42516e-06
6917.88,7.34567e-06
6960.46,7.26702e-06
7003.3,7.18918e-06
7046.41,7.11215e-06
7089.78,7.03593e-06
7133.41,6.9605e-06
7177.32,6.88586e-06
7221.49,6.812e-06
7265.94,6.7389e-06
7310.66,6.66657e-06
7355.65,6.595e-06
7400.93,6.52417e-06
7446.48,6.45408e-06
7492.31,6.38472e-06
7538.42,6.31609e-06
7584.82,6.24817e-06
7631.5,6.18096e-06
7678.47,6.11445e-06
7725.73,6.04863e-06
7773.28,5.98351e-06
7821.13,5.91906e-06
7869.26,5.85528e-06
7917.7,5.79217e-06
7966.43,5.72972e-06
8015.46,5.66791e-06
8064.79,5.60676e-06
8114.43,5.54624e-06
8164.37,5.48635e-06
8214.62,5.42709e-06
8265.18,5.36845e-06
8316.05,5.31041e-06
8367.24,5.25299e-06
8418.73,5.19616e-06
8470.55,5.13993e-06
8522.68,5.08428e-06
8575.14,5.02921e-06
8627.92,4.97472e-06
8681.02,4.92079e-06
8734.45,4.86743e-06
8788.21,4.81463e-06
8842.3,4.76238e-06
8896.72,4.71067e-06
8951.48,4.6595e-06
9006.57,4.60886e-06
9062.01,4.55876e-06
9117.78,4.50917e-06
9173.9,4.46011e-06
9230.36,4.41156e-06
9287.17,4.36351e-06
9344.33,4.31596e-06
9401.85,4.26891e-06
9459.71,4.22236e-06
9517.94,4.17628e-06
9576.52,4.13069e-06
9635.46,4.08558e-06
9694.76,4.04093e-06
9754.43,3.99675e-06
9814.47,3.95304e-06
9874.87,3.90977e-06
9935.65,3.86696e-06
9996.8,3.8246e-06
10058.3,3.78268e-06
10120.2,3.7412e-06
10182.5,3.70015e-06
10245.2,3.65953e-06
10308.3,3.61933e-06
10371.7,3.57955e-06
10435.5,3.54019e-06
10499.8,3.50124e-06
10564.4,3.46269e-06
10629.4,3.42455e-06
10694.8,3.38681e-06
10760.7,3.34946e-06
10826.9,3.3125e-06
10893.5,3.27592e-06
10960.6,3.23973e-06
11028,3.20392e-06
11095.9,3.16848e-06
11164.2,3.13341e-06
11232.9,3.0987e-06
11302,3.06436e-06
11371.6,3.03038e-06
11441.6,2.99675e-06
11512,2.96347e-06
11582.9,2.93055e-06
11654.2,2.89796e-06
11725.9,2.86572e-06
11798.1,2.83381e-06
11870.7,2.80223e-06
11943.7,2.77099e-06
12017.2,2.74007e-06
12091.2,2.70947e-06
12165.6,2.6792e-06
12240.5,2.64924e-06
12315.8,2.61959e-06
12391.6,2.59026e-06
12467.9,2.56123e-06
12544.7,2.5325e-06
12621.9,2.50407e-06
12699.5,2.47594e-06
12777.7,2.44811e-06
12856.4,2.42056e-06
12935.5,2.39331e-06
13015.1,2.36633e-06
13095.2,2.33964e-06
13175.8,2.31323e-06
13256.9,2.2871e-06
13338.5,2.26124e-06
13420.6,2.23565e-06
13503.2,2.21032e-06
13586.3,2.18526e-06
13669.9,2.16047e-06
13754.1,2.13593e-06
13838.7,2.11165e-06
13923.9,2.08762e-06
14009.6,2.06384e-06
14095.8,2.04032e-06
14182.6,2.01703e-06
14269.8,1.994e-06
14357.7,1.9712e-06
14446,1.94864e-06
14535,1.92632e-06
14624.4,1.90423e-06
14714.4,1.88237e-06
14805,1.86074e-06
14896.1,1.83934e-06
14987.8,1.81816e-06
15080,1.7972e-06
15172.9,1.77646e-06
15266.2,1.75594e-06
15360.2,1.73564e-06
15454.7,1.71554e-06
15549.9,1.69566e-06
15645.6,1.67598e-06
15741.9,1.65651e-06
15838.8,1.63725e-06
15936.2,1.61819e-06
16034.3,1.59932e-06
16133,1.58065e-06
16232.3,1.56218e-06
16332.2,1.54391e-06
16432.7,1.52582e-06
16533.9,1.50792e-06
16635.6,1.49021e-06
16738,1.47269e-06
16841,1.45535e-06
16944.7,1.43819e-06
17049,1.42121e-06
17153.9,1.40441e-06
17259.5,1.38779e-06
17365.7,1.37134e-06
17472.6,1.35506e-06
17580.1,1.33895e-06
17688.3,1.32301e-06
17797.2,1.30724e-06
17906.8,1.29164e-06
18017,1.27619e-06
18127.9,1.26091e-06
18239.4,1.24579e-06
18351.7,1.23083e-06
18464.6,1.21603e-06
18578.3,1.20138e-06
18692.6,1.18688e-06
18807.7,1.17254e-06
18923.4,1.15835e-06
19039.9,1.1443e-06
19157.1,1.13041e-06
19275,1.11666e-06
19393.6,1.10305e-06
19513,1.08959e-06
19633.1,1.07626e-06
19753.9,1.06308e-06
19875.5,1.05004e-06
19997.8,1.03713e-06
20120.9,1.02436e-06
20244.8,1.01173e-06
20369.4,9.99223e-07
20494.7,9.86851e-07
20620.9,9.74609e-07
20747.8,9.62496e-07
20875.5,9.5051e-07
21004,9.3865e-07
21133.3,9.26915e-07
21263.3,9.15304e-07
21394.2,9.03815e-07
21525.9,8.92446e-07
21658.4,8.81197e-07
21791.7,8.70067e-07
21925.8,8.59054e-07
22060.7,8.48157e-07
22196.5,8.37375e-07
22333.1,8.26706e-07
22470.6,8.1615e-07
22608.9,8.05705e-07
22748,7.9537e-07
22888.1,7.85144e-07
23028.9,7.75026e-07
23170.7,7.65015e-07
23313.3,7.55109e-07
23456.8,7.45308e-07
23601.1,7.3561e-07
23746.4,7.26015e-07
23892.5,7.1652e-07
24039.6,7.07127e-07
24187.6,6.97832e-07
24336.4,6.88636e-07
24486.2,6.79536e-07
24636.9,6.70533e-07
24788.6,6.61625e-07
24941.1,6.52812e-07
25094.6,6.44091e-07
25249.1,6.35463e-07
25404.5,6.26926e-07
25560.8,6.1848e-07
25718.2,6.10123e-07
25876.5,6.01854e-07
26035.7,5.93673e-07
26196,5.85579e-07
26357.2,5.7757e-07
26519.4,5.69647e-07
26682.6,5.61807e-07
26846.9,5.54051e-07
27012.1,5.46376e-07
27178.4,5.38784e-07
27345.6,5.31272e-07
27513.9,5.23839e-07
27683.3,5.16486e-07
27853.7,5.09211e-07
28025.1,5.02013e-07
28197.6,4.94892e-07
28371.1,4.87846e-07
28545.8,4.80876e-07
28721.4,4.73979e-07
28898.2,4.67156e-07
29076.1,4.60406e-07
29255,4.53728e-07
29435.1,4.47121e-07
29616.3,4.40584e-07
29798.5,4.34117e-07
29982,4.27719e-07
30166.5,4.21389e-07
30352.2,4.15127e-07
30539,4.08932e-07
30726.9,4.02803e-07
30916,3.9674e-07
31106.3,3.90742e-07
31297.8,3.84807e-07
31490.4,3.78936e-07
31684.2,3.73129e-07
31879.2,3.67383e-07
32075.4,3.61699e-07
32272.9,3.56076e-07
32471.5,3.50513e-07
32671.3,3.4501e-07
32872.4,3.39566e-07
33074.8,3.34181e-07
33278.3,3.28854e-07
33483.1,3.23584e-07
33689.2,3.1837e-07
33896.6,3.13213e-07
34105.2,3.08111e-07
34315.1,3.03065e-07
34526.3,2.98073e-07
34738.8,2.93134e-07
34952.6,2.88249e-07
35167.8,2.83417e-07
35384.2,2.78637e-07
35602,2.73909e-07
35821.1,2.69232e-07
36041.6,2.64606e-07
36263.4,2.6003e-07
36486.6,2.55503e-07
36711.2,2.51026e-07
36937.1,2.46597e-07
37164.5,2.42217e-07
37393.2,2.37884e-07
37623.3,2.33598e-07
37854.9,2.29359e-07
38087.9,2.25166e-07
38322.3,2.21019e-07
38558.2,2.16917e-07
38795.5,2.1286e-07
39034.3,2.08847e-07
39274.5,2.04879e-07
39516.3,2.00954e-07
39759.5,1.97071e-07
40004.2,1.93232e-07
40250.4,1.89434e-07
40498.1,1.85679e-07
40747.4,1.81964e-07
40998.2,1.78291e-07
41250.5,1.74658e-07
41504.4,1.71065e-07
41759.9,1.67512e-07
42016.9,1.63998e-07
42275.5,1.60523e-07
42535.7,1.57086e-07
42797.5,1.53687e-07
43060.9,1.50327e-07
43325.9,1.47003e-07
43592.6,1.43717e-07
43860.9,1.40467e-07
44130.8,1.37253e-07
44402.5,1.34075e-07
44675.7,1.30933e-07
44950.7,1.27826e-07
45227.4,1.24753e-07
45505.7,1.21716e-07
45785.8,1.18712e-07
46067.6,1.15742e-07
46351.2,1.12805e-07
46636.4,1.09901e-07
46923.5,1.07031e-07
47212.3,1.04192e-07
47502.9,1.01386e-07
47795.2,9.86116e-08
48089.4,9.58686e-08
48385.4,9.31568e-08
48683.2,9.04758e-08
48982.8,8.78254e-08
49284.3,8.52052e-08
49587.6,8.2615e-08
49892.8,8.00544e-08
50199.9,7.75232e-08
50508.9,7.50211e-08
50819.7,7.25477e-08
51132.5,7.01029e-08
51447.2,6.76862e-08
51763.9,6.52975e-08
52082.5,6.29365e-08
52403,6.06028e-08
52725.6,5.82963e-08
53050.1,5.60166e-08
53376.6,5.37636e-08
53705.1,5.15368e-08
54035.7,4.93362e-08
54368.2,4.71614e-08
54702.9,4.50121e-08
55039.5,4.28882e-08
55378.3,4.07894e-08
55719.1,3.87154e-08
56062.1,3.66659e-08
56407.1,3.46409e-08
56754.3,3.264e-08
57103.6,3.06629e-08
57455.1,2.87095e-08
57808.7,2.67796e-08
58164.5,2.48728e-08
58522.5,2.29891e-08
58882.7,2.11281e-08
59245.1,1.92896e-08
59609.7,1.74735e-08
59976.6,1.56795e-08
60345.8,1.39073e-08
60717.2,1.21569e-08
61090.9,1.0428e-08
61466.9,8.72033e-09
61845.2,7.03376e-09
62225.8,5.36808e-09
62608.8,3.72308e-09
62994.2,2.09857e-09
63381.9,4.94351e-10
63772,-1.08976e-09
64164.5,-2.65395e-09
64559.4,-4.19841e-09
64956.8,-5.72333e-09
65356.6,-7.22888e-09
65758.8,-8.71525e-09
66163.5,-1.01826e-08
66570.8,-1.16312e-08
66980.5,-1.3061e-08
67392.8,-1.44725e-08
67807.5,-1.58656e-08
68224.9,-1.72405e-08
68644.8,-1.85975e-08
69067.3,-1.99367e-08
69492.4,-2.12582e-08
69920.1,-2.25623e-08
70350.4,-2.3849e-08
70783.4,-2.51185e-08
71219.1,-2.63711e-08
71657.4,-2.76068e-08
72098.5,-2.88258e-08
72542.2,-3.00282e-08
72988.7,-3.12142e-08
73437.9,-3.2384e-08
73889.9,-3.35377e-08
74344.7,-3.46753e-08
74802.3,-3.57972e-08
75262.7,-3.69034e-08
75725.9,-3.7994e-08
76192,-3.90693e-08
76660.9,-4.01292e-08
77132.7,-4.1174e-08
77607.5,-4.22038e-08
78085.1,-4.32188e-08
78565.7,-4.4219e-08
79049.3,-4.52045e-08
79535.8,-4.61756e-08
80025.3,-4.71324e-08
80517.9,-4.80748e-08
81013.4,-4.90032e-08
81512.1,-4.99176e-08
82013.8,-5.08181e-08
82518.5,-5.17048e-08
83026.4,-5.25779e-08
83537.4,-5.34374e-08
84051.6,-5.42836e-08
84568.9,-5.51164e-08
85089.4,-5.59361e-08
85613.1,-5.67427e-08
86140,-5.75363e-08
86670.2,-5.8317e-08
87203.7,-5.9085e-08
87740.4,-5.98403e-08
88280.4,-6.05831e-08
88823.7,-6.13134e-08
89370.4,-6.20314e-08
89920.5,-6.27371e-08
90473.9,-6.34307e-08
91030.8,-6.41122e-08
91591.1,-6.47818e-08
92154.8,-6.54395e-08
92722,-6.60855e-08
93292.7,-6.67197e-08
93866.9,-6.73424e-08
94444.6,-6.79536e-08
95025.9,-6.85534e-08
95610.7,-6.91419e-08
96199.2,-6.97192e-08
96791.3,-7.02853e-08
97387,-7.08404e-08
97986.4,-7.13845e-08
98589.5,-7.19177e-08
99196.3,-7.24401e-08
99806.8,-7.29517e-08
100421,-7.34527e-08
101039,-7.39432e-08
101661,-7.44232e-08
102287,-7.48927e-08
102916,-7.53519e-08
103550,-7.58009e-08
104187,-7.62396e-08
104828,-7.66683e-08
105474,-7.70868e-08
106123,-7.74955e-08
106776,-7.78942e-08
107433,-7.82831e-08
108094,-7.86622e-08
108760,-7.90316e-08
109429,-7.93914e-08
110102,-7.97416e-08
110780,-8.00823e-08
111462,-8.04136e-08
112148,-8.07355e-08
112838,-8.10481e-08
113533,-8.13514e-08
114231,-8.16455e-08
114935,-8.19305e-08
115642,-8.22065e-08
116354,-8.24734e-08
117070,-8.27313e-08
117790,-8.29804e-08
118515,-8.32206e-08
119245,-8.3452e-08
119979,-8.36747e-08
120717,-8.38887e-08
121460,-8.40941e-08
122208,-8.42909e-08
122960,-8.44791e-08
123717,-8.46589e-08
124478,-8.48303e-08
125244,-8.49933e-08
126015,-8.51479e-08
126791,-8.52943e-08
127571,-8.54324e-08
128356,-8.55624e-08
129146,-8.56842e-08
129941,-8.57979e-08
130741,-8.59036e-08
131546,-8.60013e-08
132355,-8.6091e-08
133170,-8.61727e-08
133989,-8.62466e-08
134814,-8.63127e-08
135644,-8.6371e-08
136479,-8.64215e-08
137319,-8.64643e-08
138164,-8.64994e-08
139014,-8.65269e-08
139870,-8.65468e-08
140731,-8.65591e-08
141597,-8.65639e-08
142468,-8.65612e-08
143345,-8.65511e-08
144228,-8.65336e-08
145115,-8.65087e-08
146008,-8.64764e-08
146907,-8.64368e-08
147811,-8.639e-08
148721,-8.63359e-08
149636,-8.62747e-08
150557,-8.62062e-08
151484,-8.61306e-08
152416,-8.6048e-08
153354,-8.59582e-08
154298,-8.58614e-08
155248,-8.57576e-08
156203,-8.56468e-08
157165,-8.55291e-08
158132,-8.54044e-08
159105,-8.52729e-08
160085,-8.51345e-08
161070,-8.49893e-08
162061,-8.48374e-08
163059,-8.46786e-08
164062,-8.45131e-08
165072,-8.43409e-08
166088,-8.41621e-08
167110,-8.39766e-08
168139,-8.37845e-08
169174,-8.35858e-08
170215,-8.33805e-08
171263,-8.31688e-08
172317,-8.29505e-08
173377,-8.27258e-08
174444,-8.24947e-08
175518,-8.22571e-08
176598,-8.20132e-08
177685,-8.1763e-08
178779,-8.15064e-08
179879,-8.12436e-08
180986,-8.09745e-08
182100,-8.06992e-08
183221,-8.04178e-08
184349,-8.01302e-08
185483,-7.98365e-08
186625,-7.95367e-08
187774,-7.92308e-08
188929,-7.8919e-08
190092,-7.86012e-08
191262,-7.82775e-08
192439,-7.79478e-08
193624,-7.76124e-08
194815,-7.72711e-08
196014,-7.6924e-08
197221,-7.65712e-08
198435,-7.62127e-08
199656,-7.58486e-08
200885,-7.54789e-08
202121,-7.51036e-08
203365,-7.47228e-08
204617,-7.43366e-08
205876,-7.3945e-08
207143,-7.3548e-08
208418,-7.31458e-08
209701,-7.27383e-08
210992,-7.23256e-08
212290,-7.19078e-08
213597,-7.1485e-08
214912,-7.10572e-08
216234,-7.06245e-08
217565,-7.01869e-08
218904,-6.97445e-08
220252,-6.92975e-08
221607,-6.88459e-08
222971,-6.83897e-08
224344,-6.79291e-08
225724,-6.74641e-08
227114,-6.69948e-08
228511,-6.65214e-08
229918,-6.6044e-08
231333,-6.55625e-08
232757,-6.50773e-08
234189,-6.45883e-08
235631,-6.40956e-08
237081,-6.35995e-08
238540,-6.31e-08
240008,-6.25973e-08
241486,-6.20916e-08
242972,-6.15828e-08
244467,-6.10713e-08
245972,-6.05572e-08
247486,-6.00406e-08
249009,-5.95218e-08
250542,-5.90008e-08
252084,-5.84779e-08
253635,-5.79533e-08
255196,-5.74272e-08
256767,-5.68998e-08
258347,-5.63714e-08
259937,-5.58421e-08
261537,-5.53123e-08
263147,-5.47821e-08
264767,-5.42518e-08
266396,-5.37218e-08
268036,-5.31923e-08
269685,-5.26636e-08
271345,-5.21361e-08
273015,-5.161e-08
274696,-5.10858e-08
276386,-5.05637e-08
278087,-5.00443e-08
279799,-4.95277e-08
281521,-4.90146e-08
283254,-4.85052e-08
284997,-4.80001e-08
