3.48734e-08,-1.16961e+11
3.5304e-08,-1.16961e+11
3.57399e-08,-1.16961e+11
3.61812e-08,-1.16961e+11
3.6628e-08,-1.1696e+11
3.70802e-08,-1.1696e+11
3.75381e-08,-1.1696e+11
3.80016e-08,-1.1696e+11
3.84708e-08,-1.1696e+11
3.89458e-08,-1.1696e+11
3.94267e-08,-1.16959e+11
3.99135e-08,-1.16959e+11
4.04064e-08,-1.16959e+11
4.09053e-08,-1.16959e+11
4.14104e-08,-1.16959e+11
4.19217e-08,-1.16959e+11
4.24393e-08,-1.16958e+11
4.29633e-08,-1.16958e+11
4.34938e-08,-1.16958e+11
4.40308e-08,-1.16958e+11
4.45745e-08,-1.16958e+11
4.51249e-08,-1.16958e+11
4.56821e-08,-1.16957e+11
4.62461e-08,-1.16957e+11
4.68171e-08,-1.16957e+11
4.73952e-08,-1.16957e+11
4.79804e-08,-1.16957e+11
4.85729e-08,-1.16956e+11
4.91726e-08,-1.16956e+11
4.97798e-08,-1.16956e+11
5.03944e-08,-1.16956e+11
5.10167e-08,-1.16956e+11
5.16466e-08,-1.16955e+11
5.22843e-08,-1.16955e+11
5.29299e-08,-1.16955e+11
5.35834e-08,-1.16955e+11
5.4245e-08,-1.16955e+11
5.49148e-08,-1.16954e+11
5.55929e-08,-1.16954e+11
5.62793e-08,-1.16954e+11
5.69742e-08,-1.16954e+11
5.76777e-08,-1.16953e+11
5.83899e-08,-1.16953e+11
5.91108e-08,-1.16953e+11
5.98407e-08,-1.16953e+11
6.05796e-08,-1.16952e+11
6.13276e-08,-1.16952e+11
6.20848e-08,-1.16952e+11
6.28514e-08,-1.16952e+11
6.36275e-08,-1.16951e+11
6.44131e-08,-1.16951e+11
6.52085e-08,-1.16951e+11
6.60136e-08,-1.16951e+11
6.68287e-08,-1.1695e+11
6.76539e-08,-1.1695e+11
6.84892e-08,-1.1695e+11
6.93349e-08,-1.16949e+11
7.0191e-08,-1.16949e+11
7.10577e-08,-1.16949e+11
7.19351e-08,-1.16949e+11
7.28233e-08,-1.16948e+11
7.37225e-08,-1.16948e+11
7.46328e-08,-1.16948e+11
7.55543e-08,-1.16947e+11
7.64872e-08,-1.16947e+11
7.74316e-08,-1.16947e+11
7.83877e-08,-1.16946e+11
7.93556e-08,-1.16946e+11
8.03354e-08,-1.16946e+11
8.13274e-08,-1.16945e+11
8.23315e-08,-1.16945e+11
8.33481e-08,-1.16945e+11
8.43773e-08,-1.16944e+11
8.54191e-08,-1.16944e+11
8.64738e-08,-1.16944e+11
8.75415e-08,-1.16943e+11
8.86225e-08,-1.16943e+11
8.97167e-08,-1.16943e+11
9.08245e-08,-1.16942e+11
9.19459e-08,-1.16942e+11
9.30812e-08,-1.16941e+11
9.42306e-08,-1.16941e+11
9.53941e-08,-1.16941e+11
9.65719e-08,-1.1694e+11
9.77644e-08,-1.1694e+11
9.89715e-08,-1.1694e+11
1.00194e-07,-1.16939e+11
1.01431e-07,-1.16939e+11
1.02683e-07,-1.16938e+11
1.03951e-07,-1.16938e+11
1.05235e-07,-1.16937e+11
1.06534e-07,-1.16937e+11
1.07849e-07,-1.16937e+11
1.09181e-07,-1.16936e+11
1.10529e-07,-1.16936e+11
1.11894e-07,-1.16935e+11
1.13275e-07,-1.16935e+11
1.14674e-07,-1.16934e+11
1.1609e-07,-1.16934e+11
1.17523e-07,-1.16933e+11
1.18975e-07,-1.16933e+11
1.20444e-07,-1.16932e+11
1.21931e-07,-1.16932e+11
1.23436e-07,-1.16931e+11
1.2496e-07,-1.16931e+11
1.26503e-07,-1.1693e+11
1.28065e-07,-1.1693e+11
1.29647e-07,-1.16929e+11
1.31247e-07,-1.16929e+11
1.32868e-07,-1.16928e+11
1.34509e-07,-1.16928e+11
1.36169e-07,-1.16927e+11
1.37851e-07,-1.16926e+11
1.39553e-07,-1.16926e+11
1.41276e-07,-1.16925e+11
1.4302e-07,-1.16925e+11
1.44786e-07,-1.16924e+11
1.46574e-07,-1.16924e+11
1.48384e-07,-1.16923e+11
1.50216e-07,-1.16922e+11
1.52071e-07,-1.16922e+11
1.53949e-07,-1.16921e+11
1.55849e-07,-1.1692e+11
1.57774e-07,-1.1692e+11
1.59722e-07,-1.16919e+11
1.61694e-07,-1.16918e+11
1.63691e-07,-1.16918e+11
1.65712e-07,-1.16917e+11
1.67758e-07,-1.16916e+11
1.69829e-07,-1.16916e+11
1.71926e-07,-1.16915e+11
1.74049e-07,-1.16914e+11
1.76198e-07,-1.16914e+11
1.78374e-07,-1.16913e+11
1.80576e-07,-1.16912e+11
1.82806e-07,-1.16911e+11
1.85063e-07,-1.16911e+11
1.87348e-07,-1.1691e+11
1.89661e-07,-1.16909e+11
1.92003e-07,-1.16908e+11
1.94374e-07,-1.16908e+11
1.96774e-07,-1.16907e+11
1.99204e-07,-1.16906e+11
2.01663e-07,-1.16905e+11
2.04153e-07,-1.16904e+11
2.06674e-07,-1.16903e+11
2.09226e-07,-1.16903e+11
2.11809e-07,-1.16902e+11
2.14425e-07,-1.16901e+11
2.17072e-07,-1.169e+11
2.19753e-07,-1.16899e+11
2.22466e-07,-1.16898e+11
2.25213e-07,-1.16897e+11
2.27994e-07,-1.16896e+11
2.30809e-07,-1.16895e+11
2.33659e-07,-1.16894e+11
2.36544e-07,-1.16893e+11
2.39464e-07,-1.16892e+11
2.42421e-07,-1.16891e+11
2.45414e-07,-1.1689e+11
2.48445e-07,-1.16889e+11
2.51512e-07,-1.16888e+11
2.54618e-07,-1.16887e+11
2.57762e-07,-1.16886e+11
2.60945e-07,-1.16885e+11
2.64167e-07,-1.16884e+11
2.67428e-07,-1.16883e+11
2.7073e-07,-1.16882e+11
2.74073e-07,-1.16881e+11
2.77457e-07,-1.1688e+11
2.80883e-07,-1.16878e+11
2.84351e-07,-1.16877e+11
2.87862e-07,-1.16876e+11
2.91417e-07,-1.16875e+11
2.95015e-07,-1.16874e+11
2.98658e-07,-1.16873e+11
3.02345e-07,-1.16871e+11
3.06079e-07,-1.1687e+11
3.09858e-07,-1.16869e+11
3.13684e-07,-1.16867e+11
3.17557e-07,-1.16866e+11
3.21478e-07,-1.16865e+11
3.25447e-07,-1.16864e+11
3.29466e-07,-1.16862e+11
3.33534e-07,-1.16861e+11
3.37652e-07,-1.16859e+11
3.41821e-07,-1.16858e+11
3.46042e-07,-1.16857e+11
3.50315e-07,-1.16855e+11
3.5464e-07,-1.16854e+11
3.59019e-07,-1.16852e+11
3.63452e-07,-1.16851e+11
3.6794e-07,-1.16849e+11
3.72483e-07,-1.16848e+11
3.77082e-07,-1.16846e+11
3.81738e-07,-1.16845e+11
3.86452e-07,-1.16843e+11
3.91223e-07,-1.16841e+11
3.96054e-07,-1.1684e+11
4.00944e-07,-1.16838e+11
4.05895e-07,-1.16837e+11
4.10907e-07,-1.16835e+11
4.1598e-07,-1.16833e+11
4.21117e-07,-1.16831e+11
4.26316e-07,-1.1683e+11
4.3158e-07,-1.16828e+11
4.36909e-07,-1.16826e+11
4.42304e-07,-1.16824e+11
4.47765e-07,-1.16823e+11
4.53294e-07,-1.16821e+11
4.58891e-07,-1.16819e+11
4.64557e-07,-1.16817e+11
4.70293e-07,-1.16815e+11
4.761e-07,-1.16813e+11
4.81979e-07,-1.16811e+11
4.8793e-07,-1.16809e+11
4.93955e-07,-1.16807e+11
5.00054e-07,-1.16805e+11
5.06228e-07,-1.16803e+11
5.12479e-07,-1.16801e+11
5.18807e-07,-1.16799e+11
5.25213e-07,-1.16797e+11
5.31698e-07,-1.16794e+11
5.38263e-07,-1.16792e+11
5.44909e-07,-1.1679e+11
5.51637e-07,-1.16788e+11
5.58448e-07,-1.16785e+11
5.65344e-07,-1.16783e+11
5.72324e-07,-1.16781e+11
5.79391e-07,-1.16778e+11
5.86545e-07,-1.16776e+11
5.93788e-07,-1.16774e+11
6.01119e-07,-1.16771e+11
6.08542e-07,-1.16769e+11
6.16056e-07,-1.16766e+11
6.23662e-07,-1.16764e+11
6.31363e-07,-1.16761e+11
6.39159e-07,-1.16758e+11
6.47051e-07,-1.16756e+11
6.5504e-07,-1.16753e+11
6.63128e-07,-1.1675e+11
6.71316e-07,-1.16748e+11
6.79605e-07,-1.16745e+11
6.87996e-07,-1.16742e+11
6.96491e-07,-1.16739e+11
7.05091e-07,-1.16736e+11
7.13797e-07,-1.16733e+11
7.22611e-07,-1.1673e+11
7.31533e-07,-1.16727e+11
7.40566e-07,-1.16724e+11
7.4971e-07,-1.16721e+11
7.58967e-07,-1.16718e+11
7.68338e-07,-1.16715e+11
7.77825e-07,-1.16712e+11
7.8743e-07,-1.16709e+11
7.97152e-07,-1.16705e+11
8.06995e-07,-1.16702e+11
8.1696e-07,-1.16699e+11
8.27047e-07,-1.16695e+11
8.37259e-07,-1.16692e+11
8.47597e-07,-1.16688e+11
8.58062e-07,-1.16685e+11
8.68657e-07,-1.16681e+11
8.79383e-07,-1.16678e+11
8.90241e-07,-1.16674e+11
9.01233e-07,-1.1667e+11
9.12361e-07,-1.16667e+11
9.23627e-07,-1.16663e+11
9.35031e-07,-1.16659e+11
9.46576e-07,-1.16655e+11
9.58264e-07,-1.16651e+11
9.70096e-07,-1.16647e+11
9.82075e-07,-1.16643e+11
9.94201e-07,-1.16639e+11
1.00648e-06,-1.16635e+11
1.0189e-06,-1.16631e+11
1.03148e-06,-1.16627e+11
1.04422e-06,-1.16622e+11
1.05711e-06,-1.16618e+11
1.07017e-06,-1.16614e+11
1.08338e-06,-1.16609e+11
1.09676e-06,-1.16605e+11
1.1103e-06,-1.166e+11
1.12401e-06,-1.16596e+11
1.13789e-06,-1.16591e+11
1.15194e-06,-1.16586e+11
1.16616e-06,-1.16582e+11
1.18056e-06,-1.16577e+11
1.19514e-06,-1.16572e+11
1.20989e-06,-1.16567e+11
1.22483e-06,-1.16562e+11
1.23996e-06,-1.16557e+11
1.25527e-06,-1.16552e+11
1.27077e-06,-1.16546e+11
1.28646e-06,-1.16541e+11
1.30234e-06,-1.16536e+11
1.31842e-06,-1.1653e+11
1.3347e-06,-1.16525e+11
1.35118e-06,-1.16519e+11
1.36787e-06,-1.16514e+11
1.38476e-06,-1.16508e+11
1.40185e-06,-1.16502e+11
1.41916e-06,-1.16497e+11
1.43669e-06,-1.16491e+11
1.45443e-06,-1.16485e+11
1.47238e-06,-1.16479e+11
1.49056e-06,-1.16473e+11
1.50897e-06,-1.16467e+11
1.5276e-06,-1.1646e+11
1.54646e-06,-1.16454e+11
1.56556e-06,-1.16448e+11
1.58489e-06,-1.16441e+11
1.60446e-06,-1.16435e+11
1.62427e-06,-1.16428e+11
1.64432e-06,-1.16421e+11
1.66463e-06,-1.16414e+11
1.68518e-06,-1.16407e+11
1.70599e-06,-1.164e+11
1.72705e-06,-1.16393e+11
1.74838e-06,-1.16386e+11
1.76997e-06,-1.16379e+11
1.79182e-06,-1.16372e+11
1.81395e-06,-1.16364e+11
1.83634e-06,-1.16357e+11
1.85902e-06,-1.16349e+11
1.88197e-06,-1.16341e+11
1.90521e-06,-1.16334e+11
1.92873e-06,-1.16326e+11
1.95255e-06,-1.16318e+11
1.97666e-06,-1.1631e+11
2.00106e-06,-1.16302e+11
2.02577e-06,-1.16293e+11
2.05079e-06,-1.16285e+11
2.07611e-06,-1.16276e+11
2.10174e-06,-1.16268e+11
2.12769e-06,-1.16259e+11
2.15396e-06,-1.1625e+11
2.18056e-06,-1.16241e+11
2.20748e-06,-1.16232e+11
2.23474e-06,-1.16223e+11
2.26234e-06,-1.16214e+11
2.29027e-06,-1.16205e+11
2.31855e-06,-1.16195e+11
2.34718e-06,-1.16185e+11
2.37616e-06,-1.16176e+11
2.4055e-06,-1.16166e+11
2.4352e-06,-1.16156e+11
2.46527e-06,-1.16146e+11
2.49571e-06,-1.16136e+11
2.52652e-06,-1.16125e+11
2.55772e-06,-1.16115e+11
2.5893e-06,-1.16104e+11
2.62127e-06,-1.16093e+11
2.65364e-06,-1.16083e+11
2.6864e-06,-1.16072e+11
2.71957e-06,-1.16061e+11
2.75315e-06,-1.16049e+11
2.78715e-06,-1.16038e+11
2.82156e-06,-1.16026e+11
2.8564e-06,-1.16015e+11
2.89167e-06,-1.16003e+11
2.92738e-06,-1.15991e+11
2.96352e-06,-1.15979e+11
3.00011e-06,-1.15966e+11
3.03716e-06,-1.15954e+11
3.07466e-06,-1.15941e+11
3.11262e-06,-1.15929e+11
3.15106e-06,-1.15916e+11
3.18996e-06,-1.15903e+11
3.22935e-06,-1.1589e+11
3.26922e-06,-1.15876e+11
3.30959e-06,-1.15863e+11
3.35046e-06,-1.15849e+11
3.39183e-06,-1.15835e+11
3.43371e-06,-1.15821e+11
3.4761e-06,-1.15807e+11
3.51903e-06,-1.15792e+11
3.56248e-06,-1.15778e+11
3.60646e-06,-1.15763e+11
3.65099e-06,-1.15748e+11
3.69607e-06,-1.15733e+11
3.74171e-06,-1.15718e+11
3.78791e-06,-1.15702e+11
3.83468e-06,-1.15686e+11
3.88203e-06,-1.15671e+11
3.92997e-06,-1.15655e+11
3.97849e-06,-1.15638e+11
4.02761e-06,-1.15622e+11
4.07735e-06,-1.15605e+11
4.12769e-06,-1.15588e+11
4.17866e-06,-1.15571e+11
4.23025e-06,-1.15554e+11
4.28249e-06,-1.15536e+11
4.33536e-06,-1.15519e+11
4.38889e-06,-1.15501e+11
4.44309e-06,-1.15482e+11
4.49795e-06,-1.15464e+11
4.55348e-06,-1.15445e+11
4.60971e-06,-1.15427e+11
4.66663e-06,-1.15407e+11
4.72425e-06,-1.15388e+11
4.78258e-06,-1.15369e+11
4.84163e-06,-1.15349e+11
4.90141e-06,-1.15329e+11
4.96193e-06,-1.15308e+11
5.0232e-06,-1.15288e+11
5.08523e-06,-1.15267e+11
5.14801e-06,-1.15246e+11
5.21158e-06,-1.15225e+11
5.27593e-06,-1.15203e+11
5.34107e-06,-1.15181e+11
5.40702e-06,-1.15159e+11
5.47379e-06,-1.15137e+11
5.54137e-06,-1.15114e+11
5.60979e-06,-1.15091e+11
5.67906e-06,-1.15068e+11
5.74918e-06,-1.15044e+11
5.82017e-06,-1.15021e+11
5.89204e-06,-1.14996e+11
5.96479e-06,-1.14972e+11
6.03844e-06,-1.14947e+11
6.113e-06,-1.14922e+11
6.18848e-06,-1.14897e+11
6.26489e-06,-1.14871e+11
6.34224e-06,-1.14845e+11
6.42055e-06,-1.14819e+11
6.49983e-06,-1.14793e+11
6.58009e-06,-1.14766e+11
6.66134e-06,-1.14738e+11
6.74359e-06,-1.14711e+11
6.82685e-06,-1.14683e+11
6.91115e-06,-1.14655e+11
6.99648e-06,-1.14626e+11
7.08287e-06,-1.14597e+11
7.17033e-06,-1.14568e+11
7.25886e-06,-1.14538e+11
7.34849e-06,-1.14508e+11
7.43922e-06,-1.14477e+11
7.53108e-06,-1.14447e+11
7.62407e-06,-1.14415e+11
7.71821e-06,-1.14384e+11
7.81351e-06,-1.14352e+11
7.90998e-06,-1.1432e+11
8.00765e-06,-1.14287e+11
8.10653e-06,-1.14254e+11
8.20662e-06,-1.1422e+11
8.30795e-06,-1.14186e+11
8.41053e-06,-1.14152e+11
8.51438e-06,-1.14117e+11
8.61951e-06,-1.14082e+11
8.72594e-06,-1.14046e+11
8.83369e-06,-1.1401e+11
8.94276e-06,-1.13973e+11
9.05318e-06,-1.13936e+11
9.16496e-06,-1.13899e+11
9.27813e-06,-1.13861e+11
9.39269e-06,-1.13822e+11
9.50867e-06,-1.13783e+11
9.62607e-06,-1.13744e+11
9.74493e-06,-1.13704e+11
9.86526e-06,-1.13664e+11
9.98707e-06,-1.13623e+11
1.01104e-05,-1.13581e+11
1.02352e-05,-1.1354e+11
1.03616e-05,-1.13497e+11
1.04895e-05,-1.13454e+11
1.06191e-05,-1.13411e+11
1.07502e-05,-1.13367e+11
1.08829e-05,-1.13322e+11
1.10173e-05,-1.13277e+11
1.11533e-05,-1.13232e+11
1.1291e-05,-1.13185e+11
1.14305e-05,-1.13139e+11
1.15716e-05,-1.13091e+11
1.17145e-05,-1.13043e+11
1.18591e-05,-1.12995e+11
1.20055e-05,-1.12946e+11
1.21538e-05,-1.12896e+11
1.23039e-05,-1.12846e+11
1.24558e-05,-1.12795e+11
1.26096e-05,-1.12743e+11
1.27653e-05,-1.12691e+11
1.29229e-05,-1.12638e+11
1.30824e-05,-1.12585e+11
1.3244e-05,-1.1253e+11
1.34075e-05,-1.12476e+11
1.35731e-05,-1.1242e+11
1.37407e-05,-1.12364e+11
1.39103e-05,-1.12307e+11
1.40821e-05,-1.12249e+11
1.4256e-05,-1.12191e+11
1.4432e-05,-1.12132e+11
1.46102e-05,-1.12072e+11
1.47906e-05,-1.12012e+11
1.49732e-05,-1.1195e+11
1.51581e-05,-1.11888e+11
1.53452e-05,-1.11826e+11
1.55347e-05,-1.11762e+11
1.57265e-05,-1.11698e+11
1.59207e-05,-1.11633e+11
1.61173e-05,-1.11567e+11
1.63163e-05,-1.115e+11
1.65178e-05,-1.11432e+11
1.67217e-05,-1.11364e+11
1.69282e-05,-1.11295e+11
1.71372e-05,-1.11225e+11
1.73488e-05,-1.11154e+11
1.7563e-05,-1.11082e+11
1.77799e-05,-1.11009e+11
1.79994e-05,-1.10935e+11
1.82217e-05,-1.10861e+11
1.84467e-05,-1.10785e+11
1.86744e-05,-1.10709e+11
1.8905e-05,-1.10632e+11
1.91384e-05,-1.10553e+11
1.93747e-05,-1.10474e+11
1.9614e-05,-1.10394e+11
1.98562e-05,-1.10313e+11
2.01013e-05,-1.1023e+11
2.03495e-05,-1.10147e+11
2.06008e-05,-1.10063e+11
2.08552e-05,-1.09977e+11
2.11127e-05,-1.09891e+11
2.13734e-05,-1.09804e+11
2.16373e-05,-1.09715e+11
2.19044e-05,-1.09626e+11
2.21749e-05,-1.09535e+11
2.24487e-05,-1.09443e+11
2.27259e-05,-1.0935e+11
2.30065e-05,-1.09256e+11
2.32906e-05,-1.09161e+11
2.35781e-05,-1.09064e+11
2.38693e-05,-1.08966e+11
2.4164e-05,-1.08868e+11
2.44624e-05,-1.08768e+11
2.47644e-05,-1.08666e+11
2.50702e-05,-1.08564e+11
2.53797e-05,-1.0846e+11
2.56931e-05,-1.08355e+11
2.60104e-05,-1.08248e+11
2.63315e-05,-1.08141e+11
2.66566e-05,-1.08032e+11
2.69858e-05,-1.07921e+11
2.7319e-05,-1.07809e+11
2.76563e-05,-1.07696e+11
2.79978e-05,-1.07582e+11
2.83435e-05,-1.07466e+11
2.86935e-05,-1.07348e+11
2.90478e-05,-1.07229e+11
2.94064e-05,-1.07109e+11
2.97695e-05,-1.06987e+11
3.01371e-05,-1.06864e+11
3.05092e-05,-1.06739e+11
3.08859e-05,-1.06613e+11
3.12673e-05,-1.06485e+11
3.16534e-05,-1.06356e+11
3.20442e-05,-1.06224e+11
3.24399e-05,-1.06092e+11
3.28404e-05,-1.05957e+11
3.32459e-05,-1.05821e+11
3.36564e-05,-1.05684e+11
3.4072e-05,-1.05544e+11
3.44927e-05,-1.05403e+11
3.49186e-05,-1.0526e+11
3.53497e-05,-1.05116e+11
3.57862e-05,-1.04969e+11
3.62281e-05,-1.04821e+11
3.66754e-05,-1.04671e+11
3.71283e-05,-1.04519e+11
3.75867e-05,-1.04365e+11
3.80508e-05,-1.0421e+11
3.85206e-05,-1.04052e+11
3.89963e-05,-1.03893e+11
3.94778e-05,-1.03731e+11
3.99652e-05,-1.03568e+11
4.04587e-05,-1.03402e+11
4.09582e-05,-1.03234e+11
4.1464e-05,-1.03065e+11
4.1976e-05,-1.02893e+11
4.24942e-05,-1.02719e+11
4.30189e-05,-1.02543e+11
4.35501e-05,-1.02365e+11
4.40879e-05,-1.02185e+11
4.46322e-05,-1.02002e+11
4.51833e-05,-1.01817e+11
4.57412e-05,-1.0163e+11
4.6306e-05,-1.01441e+11
4.68778e-05,-1.01249e+11
4.74566e-05,-1.01055e+11
4.80426e-05,-1.00858e+11
4.86358e-05,-1.00659e+11
4.92363e-05,-1.00458e+11
4.98442e-05,-1.00254e+11
5.04597e-05,-1.00047e+11
5.10827e-05,-9.98385e+10
5.17135e-05,-9.96269e+10
5.2352e-05,-9.94128e+10
5.29984e-05,-9.91959e+10
5.36528e-05,-9.89764e+10
5.43153e-05,-9.87542e+10
5.49859e-05,-9.85293e+10
5.56649e-05,-9.83016e+10
5.63522e-05,-9.8071e+10
5.7048e-05,-9.78376e+10
5.77524e-05,-9.76014e+10
5.84655e-05,-9.73622e+10
5.91874e-05,-9.712e+10
5.99182e-05,-9.68749e+10
6.0658e-05,-9.66267e+10
6.1407e-05,-9.63755e+10
6.21652e-05,-9.61212e+10
6.29328e-05,-9.58637e+10
6.37099e-05,-9.56031e+10
6.44965e-05,-9.53392e+10
6.52929e-05,-9.50721e+10
6.60991e-05,-9.48017e+10
6.69153e-05,-9.45279e+10
6.77415e-05,-9.42508e+10
6.85779e-05,-9.39702e+10
6.94247e-05,-9.36862e+10
7.02819e-05,-9.33987e+10
7.11497e-05,-9.31076e+10
7.20282e-05,-9.28129e+10
7.29176e-05,-9.25146e+10
7.38179e-05,-9.22126e+10
7.47294e-05,-9.19069e+10
7.56521e-05,-9.15974e+10
7.65862e-05,-9.12841e+10
7.75319e-05,-9.09669e+10
7.84892e-05,-9.06458e+10
7.94583e-05,-9.03207e+10
8.04395e-05,-8.99916e+10
8.14327e-05,-8.96585e+10
8.24382e-05,-8.93212e+10
8.34561e-05,-8.89798e+10
8.44865e-05,-8.86342e+10
8.55297e-05,-8.82843e+10
8.65858e-05,-8.793e+10
8.76549e-05,-8.75714e+10
8.87372e-05,-8.72084e+10
8.98329e-05,-8.68409e+10
9.09421e-05,-8.64688e+10
9.2065e-05,-8.60922e+10
9.32018e-05,-8.57109e+10
9.43526e-05,-8.53249e+10
9.55176e-05,-8.49341e+10
9.6697e-05,-8.45385e+10
9.7891e-05,-8.41381e+10
9.90997e-05,-8.37327e+10
0.000100323,-8.33222e+10
0.000101562,-8.29067e+10
0.000102816,-8.24861e+10
0.000104086,-8.20603e+10
0.000105371,-8.16292e+10
0.000106672,-8.11928e+10
0.000107989,-8.07511e+10
0.000109322,-8.03038e+10
0.000110672,-7.98511e+10
0.000112039,-7.93927e+10
0.000113422,-7.89287e+10
0.000114823,-7.8459e+10
0.00011624,-7.79835e+10
0.000117676,-7.75021e+10
0.000119129,-7.70147e+10
0.0001206,-7.65214e+10
0.000122089,-7.6022e+10
0.000123596,-7.55164e+10
0.000125122,-7.50045e+10
0.000126667,-7.44864e+10
0.000128231,-7.39619e+10
0.000129815,-7.34309e+10
0.000131417,-7.28933e+10
0.00013304,-7.23491e+10
0.000134683,-7.17982e+10
0.000136346,-7.12406e+10
0.000138029,-7.0676e+10
0.000139734,-7.01045e+10
0.000141459,-6.9526e+10
0.000143206,-6.89403e+10
0.000144974,-6.83475e+10
0.000146764,-6.77473e+10
0.000148576,-6.71398e+10
0.000150411,-6.65248e+10
0.000152268,-6.59023e+10
0.000154148,-6.52721e+10
0.000156051,-6.46342e+10
0.000157978,-6.39885e+10
0.000159929,-6.33349e+10
0.000161903,-6.26733e+10
0.000163903,-6.20036e+10
0.000165926,-6.13257e+10
0.000167975,-6.06396e+10
0.000170049,-5.99451e+10
0.000172149,-5.92422e+10
0.000174274,-5.85308e+10
0.000176426,-5.78108e+10
0.000178605,-5.70821e+10
0.00018081,-5.63447e+10
0.000183043,-5.55983e+10
0.000185303,-5.48431e+10
0.000187591,-5.40789e+10
0.000189907,-5.33056e+10
0.000192252,-5.25231e+10
0.000194626,-5.17315e+10
0.000197029,-5.09306e+10
0.000199462,-5.01204e+10
0.000201924,-4.93009e+10
0.000204418,-4.84719e+10
0.000206942,-4.76336e+10
0.000209497,-4.67858e+10
0.000212084,-4.59286e+10
0.000214702,-4.50619e+10
0.000217353,-4.41858e+10
0.000220037,-4.33003e+10
0.000222754,-4.24055e+10
0.000225504,-4.15014e+10
0.000228289,-4.05881e+10
0.000231108,-3.96657e+10
0.000233961,-3.87344e+10
0.00023685,-3.77944e+10
0.000239775,-3.68457e+10
0.000242735,-3.58887e+10
0.000245732,-3.49236e+10
0.000248766,-3.39507e+10
0.000251838,-3.29703e+10
0.000254948,-3.1983e+10
0.000258096,-3.0989e+10
0.000261282,-2.99889e+10
0.000264509,-2.89833e+10
0.000267775,-2.79728e+10
0.000271081,-2.69581e+10
0.000274428,-2.594e+10
0.000277817,-2.49193e+10
0.000281247,-2.3897e+10
0.00028472,-2.28741e+10
0.000288235,-2.18518e+10
0.000291794,-2.08312e+10
0.000295397,-1.98138e+10
0.000299044,-1.88009e+10
0.000302737,-1.77942e+10
0.000306475,-1.67953e+10
0.000310259,-1.5806e+10
0.00031409,-1.48283e+10
0.000317968,-1.38643e+10
0.000321894,-1.2916e+10
0.000325869,-1.19858e+10
0.000329893,-1.1076e+10
0.000333966,-1.01892e+10
0.00033809,-9.32784e+09
0.000342264,-8.49456e+09
0.00034649,-7.69197e+09
0.000350768,-6.92271e+09
0.0003551,-6.18932e+09
0.000359484,-5.49426e+09
0.000363923,-4.83983e+09
0.000368416,-4.2281e+09
0.000372965,-3.66082e+09
0.000377571,-3.13937e+09
0.000382233,-2.66466e+09
0.000386952,-2.23705e+09
0.00039173,-1.85629e+09
0.000396567,-1.52148e+09
0.000401464,-1.23104e+09
0.000406421,-9.82695e+08
0.000411439,-7.73597e+08
0.000416519,-6.00359e+08
0.000421662,-4.5922e+08
0.000426868,-3.46195e+08
0.000432139,-2.57249e+08
0.000437475,-1.88465e+08
0.000442877,-1.36182e+08
0.000448345,-9.7105e+07
0.000453881,-6.83686e+07
0.000459485,-4.75614e+07
0.000465159,-3.27145e+07
0.000470902,-2.22652e+07
0.000476717,-1.50045e+07
0.000482603,-1.0019e+07
0.000488562,-6.6331e+06
0.000494594,-4.35682e+06
0.000500701,-2.84071e+06
0.000506884,-1.83958e+06
0.000513142,-1.18373e+06
0.000519478,-757214
0.000525893,-481713
0.000532386,-304874
0.00053896,-192024
0.000545615,-120400
0.000552352,-75170.9
0.000559172,-46744.9
0.000566076,-28958.7
0.000573066,-17876.3
0.000580141,-10998
0.000587305,-6744.78
0.000594556,-4124
0.000601898,-2514.46
0.00060933,-1529.06
0.000616853,-927.582
0.00062447,-561.485
0.00063218,-339.259
0.000639986,-204.712
0.000647889,-123.451
0.000655888,-74.4884
0.000663987,-45.0534
0.000672185,-27.3961
0.000680485,-16.8259
0.000688887,-10.5109
0.000697393,-6.74529
0.000706004,-4.50405
0.000714722,-3.17246
0.000723547,-2.38268
0.000732481,-1.91502
0.000741525,-1.63855
0.000750681,-1.47535
0.00075995,-1.37917
0.000769333,-1.32256
0.000778833,-1.28929
0.000788449,-1.26976
0.000798185,-1.25831
0.00080804,-1.25161
0.000818017,-1.2477
0.000828118,-1.24541
0.000838343,-1.24407
0.000848694,-1.2433
0.000859174,-1.24284
0.000869782,-1.24258
0.000880522,-1.24243
0.000891394,-1.24234
0.000902401,-1.24229
0.000913543,-1.24226
0.000924823,-1.24224
0.000936242,-1.24223
0.000947802,-1.24222
0.000959505,-1.24222
0.000971353,-1.24222
0.000983346,-1.24222
0.000995488,-1.24222
0.00100778,-1.24222
0.00102022,-1.24222
0.00103282,-1.24222
0.00104557,-1.24222
0.00105848,-1.24222
0.00107155,-1.24222
0.00108478,-1.24222
0.00109818,-1.24222
0.00111174,-1.24222
0.00112547,-1.24222
0.00113936,-1.24222
0.00115343,-1.24222
0.00116767,-1.24222
0.00118209,-1.24222
0.00119669,-1.24222
0.00121146,-1.24222
0.00122642,-1.24222
0.00124156,-1.24222
0.00125689,-1.24222
0.00127241,-1.24222
0.00128812,-1.24222
0.00130403,-1.24222
0.00132013,-1.24222
0.00133643,-1.24222
0.00135293,-1.24222
0.00136964,-1.24222
0.00138655,-1.24222
0.00140367,-1.24222
0.001421,-1.24222
0.00143855,-1.24222
0.00145631,-1.24222
0.00147429,-1.24222
0.00149249,-1.24222
0.00151092,-1.24222
0.00152958,-1.24222
0.00154847,-1.24222
0.00156759,-1.24222
0.00158694,-1.24222
0.00160654,-1.24222
0.00162637,-1.24222
0.00164645,-1.24222
0.00166678,-1.24222
0.00168736,-1.24222
0.0017082,-1.24222
0.00172929,-1.24222
0.00175064,-1.24222
0.00177226,-1.24222
0.00179414,-1.24222
0.00181629,-1.24222
0.00183872,-1.24222
0.00186142,-1.24222
0.00188441,-1.24222
0.00190768,-1.24222
0.00193123,-1.24222
0.00195508,-1.24222
0.00197922,-1.24222
0.00200366,-1.24222
0.0020284,-1.24222
0.00205344,-1.24222
0.0020788,-1.24222
0.00210446,-1.24222
0.00213045,-1.24222
0.00215675,-1.24222
0.00218338,-1.24222
0.00221034,-1.24222
0.00223764,-1.24222
0.00226526,-1.24222
0.00229324,-1.24222
0.00232155,-1.24222
0.00235022,-1.24222
0.00237924,-1.24222
0.00240861,-1.24222
0.00243835,-1.24222
0.00246846,-1.24222
0.00249894,-1.24222
0.0025298,-1.24222
0.00256103,-1.24222
0.00259265,-1.24222
0.00262467,-1.24222
0.00265707,-1.24222
0.00268988,-1.24222
0.0027231,-1.24222
0.00275672,-1.24222
0.00279076,-1.24222
0.00282522,-1.24222
0.0028601,-1.24222
0.00289542,-1.24222
0.00293117,-1.24222
0.00296736,-1.24222
0.003004,-1.24222
0.00304109,-1.24222
0.00307864,-1.24222
0.00311665,-1.24222
0.00315514,-1.24222
0.00319409,-1.24222
0.00323353,-1.24222
0.00327346,-1.24222
0.00331388,-1.24222
0.0033548,-1.24222
0.00339622,-1.24222
0.00343815,-1.24222
0.00348061,-1.24222
0.00352358,-1.24222
0.00356709,-1.24222
0.00361113,-1.24222
0.00365572,-1.24222
0.00370086,-1.24222
0.00374656,-1.24222
0.00379282,-1.24222
0.00383965,-1.24222
0.00388706,-1.24222
0.00393505,-1.24222
0.00398364,-1.24222
0.00403283,-1.24222
0.00408263,-1.24222
0.00413304,-1.24222
0.00418407,-1.24222
0.00423573,-1.24222
0.00428803,-1.24222
0.00434098,-1.24222
0.00439458,-1.24222
0.00444884,-1.24222
0.00450377,-1.24222
0.00455938,-1.24222
0.00461568,-1.24222
0.00467267,-1.24222
0.00473037,-1.24222
0.00478877,-1.24222
0.0048479,-1.24222
0.00490776,-1.24222
0.00496836,-1.24222
0.00502971,-1.24222
0.00509181,-1.24222
0.00515468,-1.24222
0.00521833,-1.24222
0.00528276,-1.24222
0.00534799,-1.24222
0.00541402,-1.24222
0.00548087,-1.24222
0.00554855,-1.24222
0.00561706,-1.24222
0.00568642,-1.24222
0.00575663,-1.24222
0.00582771,-1.24222
0.00589967,-1.24222
0.00597251,-1.24222
0.00604626,-1.24222
0.00612091,-1.24222
0.00619649,-1.24222
0.006273,-1.24222
0.00635046,-1.24222
0.00642887,-1.24222
0.00650825,-1.24222
0.00658861,-1.24222
0.00666996,-1.24222
0.00675232,-1.24222
0.00683569,-1.24222
0.0069201,-1.24222
0.00700554,-1.24222
0.00709204,-1.24222
0.00717961,-1.24222
0.00726826,-1.24222
0.00735801,-1.24222
0.00744886,-1.24222
0.00754083,-1.24222
0.00763394,-1.24222
0.0077282,-1.24222
0.00782363,-1.24222
0.00792023,-1.24222
0.00801802,-1.24222
0.00811702,-1.24222
0.00821725,-1.24222
0.00831871,-1.24222
0.00842143,-1.24222
0.00852541,-1.24222
0.00863068,-1.24222
0.00873724,-1.24222
0.00884513,-1.24222
0.00895434,-1.24222
0.0090649,-1.24222
0.00917683,-1.24222
0.00929014,-1.24222
0.00940485,-1.24222
0.00952098,-1.24222
0.00963854,-1.24222
0.00975755,-1.24222
0.00987803,-1.24222
0.01,-1.24222
0.0101235,-1.24222
0.0102485,-1.24222
0.010375,-1.24222
0.0105031,-1.24222
0.0106328,-1.24222
0.0107641,-1.24222
0.010897,-1.24222
0.0110316,-1.24222
0.0111678,-1.24222
0.0113057,-1.24222
0.0114453,-1.24222
0.0115866,-1.24222
0.0117296,-1.24222
0.0118745,-1.24222
0.0120211,-1.24222
0.0121695,-1.24222
0.0123198,-1.24222
0.0124719,-1.24222
0.0126259,-1.24222
0.0127818,-1.24222
0.0129396,-1.24222
0.0130994,-1.24222
0.0132611,-1.24222
0.0134249,-1.24222
0.0135906,-1.24222
0.0137584,-1.24222
0.0139283,-1.24222
0.0141003,-1.24222
0.0142744,-1.24222
0.0144507,-1.24222
0.0146291,-1.24222
0.0148097,-1.24222
0.0149926,-1.24222
0.0151777,-1.24222
0.0153651,-1.24222
0.0155548,-1.24222
0.0157469,-1.24222
0.0159413,-1.24222
0.0161382,-1.24222
0.0163374,-1.24222
0.0165392,-1.24222
0.0167434,-1.24222
0.0169501,-1.24222
0.0171594,-1.24222
0.0173713,-1.24222
0.0175858,-1.24222
0.0178029,-1.24222
0.0180227,-1.24222
0.0182453,-1.24222
0.0184705,-1.24222
0.0186986,-1.24222
0.0189295,-1.24222
0.0191632,-1.24222
0.0193998,-1.24222
0.0196394,-1.24222
0.0198819,-1.24222
0.0201274,-1.24222
0.0203759,-1.24222
0.0206275,-1.24222
0.0208822,-1.24222
0.02114,-1.24222
0.021401,-1.24222
0.0216653,-1.24222
0.0219328,-1.24222
0.0222036,-1.24222
0.0224778,-1.24222
0.0227553,-1.24222
0.0230363,-1.24222
0.0233207,-1.24222
0.0236087,-1.24222
0.0239002,-1.24222
0.0241953,-1.24222
0.024494,-1.24222
0.0247965,-1.24222
0.0251027,-1.24222
0.0254126,-1.24222
0.0257264,-1.24222
0.026044,-1.24222
0.0263656,-1.24222
0.0266912,-1.24222
0.0270207,-1.24222
0.0273544,-1.24222
0.0276921,-1.24222
0.0280341,-1.24222
0.0283802,-1.24222
0.0287306,-1.24222
0.0290854,-1.24222
0.0294445,-1.24222
0.0298081,-1.24222
0.0301761,-1.24222
0.0305487,-1.24222
0.0309259,-1.24222
0.0313078,-1.24222
0.0316944,-1.24222
0.0320857,-1.24222
0.0324819,-1.24222
0.0328829,-1.24222
0.033289,-1.24222
0.0337,-1.24222
0.0341161,-1.24222
0.0345374,-1.24222
0.0349638,-1.24222
0.0353955,-1.24222
0.0358326,-1.24222
0.036275,-1.24222
0.0367229,-1.24222
0.0371763,-1.24222
0.0376354,-1.24222
0.0381001,-1.24222
0.0385705,-1.24222
0.0390468,-1.24222
0.0395289,-1.24222
0.040017,-1.24222
0.0405111,-1.24222
0.0410113,-1.24222
0.0415177,-1.24222
0.0420303,-1.24222
0.0425493,-1.24222
0.0430747,-1.24222
0.0436065,-1.24222
0.0441449,-1.24222
0.04469,-1.24222
0.0452418,-1.24222
0.0458005,-1.24222
0.046366,-1.24222
0.0469385,-1.24222
0.047518,-1.24222
0.0481048,-1.24222
0.0486987,-1.24222
0.0493001,-1.24222
0.0499088,-1.24222
0.050525,-1.24222
0.0511489,-1.24222
0.0517804,-1.24222
0.0524198,-1.24222
0.053067,-1.24222
0.0537223,-1.24222
0.0543856,-1.24222
0.0550571,-1.24222
0.055737,-1.24222
0.0564252,-1.24222
0.0571219,-1.24222
0.0578272,-1.24222
0.0585412,-1.24222
0.059264,-1.24222
0.0599958,-1.24222
0.0607366,-1.24222
0.0614865,-1.24222
0.0622457,-1.24222
0.0630143,-1.24222
0.0637924,-1.24222
0.0645801,-1.24222
0.0653775,-1.24222
0.0661847,-1.24222
0.0670019,-1.24222
0.0678292,-1.24222
0.0686667,-1.24222
0.0695146,-1.24222
0.0703729,-1.24222
0.0712419,-1.24222
0.0721215,-1.24222
0.073012,-1.24222
0.0739135,-1.24222
0.0748262,-1.24222
0.0757501,-1.24222
0.0766854,-1.24222
0.0776323,-1.24222
0.0785908,-1.24222
0.0795612,-1.24222
0.0805436,-1.24222
0.0815381,-1.24222
0.0825449,-1.24222
0.0835641,-1.24222
0.0845959,-1.24222
0.0856405,-1.24222
0.0866979,-1.24222
0.0877684,-1.24222
0.0888521,-1.24222
0.0899492,-1.24222
0.0910599,-1.24222
0.0921842,-1.24222
0.0933225,-1.24222
0.0944748,-1.24222
0.0956413,-1.24222
0.0968222,-1.24222
0.0980177,-1.24222
0.099228,-1.24222
0.100453,-1.24222
0.101694,-1.24222
0.102949,-1.24222
0.10422,-1.24222
0.105507,-1.24222
0.10681,-1.24222
0.108129,-1.24222
0.109464,-1.24222
0.110816,-1.24222
0.112184,-1.24222
0.113569,-1.24222
0.114971,-1.24222
0.116391,-1.24222
0.117828,-1.24222
0.119283,-1.24222
0.120756,-1.24222
0.122247,-1.24222
0.123756,-1.24222
0.125284,-1.24222
0.126831,-1.24222
0.128397,-1.24222
0.129983,-1.24222
0.131588,-1.24222
0.133212,-1.24222
0.134857,-1.24222
0.136522,-1.24222
0.138208,-1.24222
0.139915,-1.24222
0.141642,-1.24222
0.143391,-1.24222
0.145162,-1.24222
0.146954,-1.24222
0.148768,-1.24222
0.150605,-1.24222
0.152465,-1.24222
0.154348,-1.24222
0.156253,-1.24222
0.158183,-1.24222
0.160136,-1.24222
0.162113,-1.24222
0.164115,-1.24222
0.166141,-1.24222
0.168193,-1.24222
0.170269,-1.24222
0.172372,-1.24222
0.1745,-1.24222
0.176655,-1.24222
0.178836,-1.24222
0.181044,-1.24222
0.18328,-1.24222
0.185543,-1.24222
0.187834,-1.24222
0.190153,-1.24222
0.192501,-1.24222
0.194878,-1.24222
0.197284,-1.24222
0.19972,-1.24222
0.202186,-1.24222
0.204682,-1.24222
0.20721,-1.24222
0.209768,-1.24222
0.212358,-1.24222
0.21498,-1.24222
0.217635,-1.24222
0.220322,-1.24222
0.223042,-1.24222
0.225796,-1.24222
0.228584,-1.24222
0.231407,-1.24222
0.234264,-1.24222
0.237157,-1.24222
0.240085,-1.24222
0.24305,-1.24222
0.246051,-1.24222
0.249089,-1.24222
0.252164,-1.24222
0.255278,-1.24222
0.25843,-1.24222
0.261621,-1.24222
0.264851,-1.24222
0.268121,-1.24222
0.271432,-1.24222
0.274784,-1.24222
0.278176,-1.24222
0.281611,-1.24222
0.285088,-1.24222
0.288608,-1.24222
0.292172,-1.24222
0.29578,-1.24222
0.299432,-1.24222
0.303129,-1.24222
0.306872,-1.24222
0.310661,-1.24222
0.314497,-1.24222
0.31838,-1.24222
0.322311,-1.24222
0.326291,-1.24222
0.33032,-1.24222
0.334398,-1.24222
0.338527,-1.24222
0.342707,-1.24222
0.346939,-1.24222
0.351223,-1.24222
0.355559,-1.24222
0.35995,-1.24222
0.364394,-1.24222
0.368893,-1.24222
0.373448,-1.24222
0.37806,-1.24222
0.382728,-1.24222
0.387453,-1.24222
0.392237,-1.24222
0.39708,-1.24222
0.401983,-1.24222
0.406947,-1.24222
0.411972,-1.24222
0.417058,-1.24222
0.422208,-1.24222
0.427421,-1.24222
0.432699,-1.24222
0.438042,-1.24222
0.44345,-1.24222
0.448926,-1.24222
0.454469,-1.24222
0.46008,-1.24222
0.465761,-1.24222
0.471512,-1.24222
0.477334,-1.24222
0.483228,-1.24222
0.489195,-1.24222
0.495235,-1.24222
0.50135,-1.24222
0.50754,-1.24222
0.513807,-1.24222
0.520151,-1.24222
0.526574,-1.24222
0.533076,-1.24222
0.539658,-1.24222
0.546321,-1.24222
0.553067,-1.24222
0.559896,-1.24222
0.566809,-1.24222
0.573808,-1.24222
0.580893,-1.24222
0.588065,-1.24222
0.595326,-1.24222
0.602677,-1.24222
0.610119,-1.24222
0.617652,-1.24222
0.625279,-1.24222
0.632999,-1.24222
0.640815,-1.24222
0.648728,-1.24222
0.656738,-1.24222
0.664847,-1.24222
0.673056,-1.24222
0.681366,-1.24222
0.68978,-1.24222
0.698297,-1.24222
0.706919,-1.24222
0.715647,-1.24222
0.724484,-1.24222
0.733429,-1.24222
0.742485,-1.24222
0.751653,-1.24222
0.760934,-1.24222
0.77033,-1.24222
0.779841,-1.24222
0.78947,-1.24222
0.799218,-1.24222
0.809087,-1.24222
0.819077,-1.24222
0.82919,-1.24222
0.839429,-1.24222
0.849794,-1.24222
0.860286,-1.24222
0.870909,-1.24222
0.881662,-1.24222
0.892548,-1.24222
0.903569,-1.24222
0.914726,-1.24222
0.926021,-1.24222
0.937455,-1.24222
0.94903,-1.24222
0.960748,-1.24222
0.972611,-1.24222
0.98462,-1.24222
0.996777,-1.24222
1.00909,-1.24222
1.02154,-1.24222
1.03416,-1.24222
1.04693,-1.24222
1.05985,-1.24222
1.07294,-1.24222
1.08619,-1.24222
1.0996,-1.24222
1.11318,-1.24222
1.12692,-1.24222
1.14084,-1.24222
1.15492,-1.24222
1.16918,-1.24222
1.18362,-1.24222
1.19824,-1.24222
1.21303,-1.24222
1.22801,-1.24222
1.24317,-1.24222
1.25852,-1.24222
1.27406,-1.24222
1.28979,-1.24222
1.30572,-1.24222
1.32184,-1.24222
1.33816,-1.24222
1.35468,-1.24222
1.37141,-1.24222
1.38834,-1.24222
1.40549,-1.24222
1.42284,-1.24222
1.44041,-1.24222
1.4582,-1.24222
1.4762,-1.24222
1.49443,-1.24222
1.51288,-1.24222
1.53156,-1.24222
1.55047,-1.24222
1.56962,-1.24222
1.589,-1.24222
1.60862,-1.24222
1.62848,-1.24222
1.64859,-1.24222
1.66894,-1.24222
1.68955,-1.24222
1.71041,-1.24222
1.73153,-1.24222
1.75291,-1.24222
1.77455,-1.24222
1.79646,-1.24222
1.81865,-1.24222
1.8411,-1.24222
1.86384,-1.24222
1.88685,-1.24222
1.91015,-1.24222
1.93373,-1.24222
1.95761,-1.24222
1.98178,-1.24222
2.00625,-1.24222
2.03102,-1.24222
2.0561,-1.24222
2.08149,-1.24222
2.10719,-1.24222
2.13321,-1.24222
2.15955,-1.24222
2.18621,-1.24222
2.21321,-1.24222
2.24053,-1.24222
2.2682,-1.24222
2.2962,-1.24222
2.32456,-1.24222
2.35326,-1.24222
2.38232,-1.24222
2.41173,-1.24222
2.44151,-1.24222
2.47166,-1.24222
2.50218,-1.24222
2.53307,-1.24222
2.56435,-1.24222
2.59601,-1.24222
2.62807,-1.24222
2.66052,-1.24222
2.69337,-1.24222
2.72662,-1.24222
2.76029,-1.24222
2.79437,-1.24222
2.82888,-1.24222
2.8638,-1.24222
2.89917,-1.24222
2.93496,-1.24222
2.9712,-1.24222
3.00789,-1.24222
3.04503,-1.24222
3.08263,-1.24222
3.12069,-1.24222
3.15922,-1.24222
3.19823,-1.24222
3.23772,-1.24222
3.2777,-1.24222
3.31817,-1.24222
3.35914,-1.24222
3.40062,-1.24222
3.44261,-1.24222
3.48511,-1.24222
3.52815,-1.24222
3.57171,-1.24222
3.61581,-1.24222
3.66046,-1.24222
3.70565,-1.24222
3.75141,-1.24222
3.79773,-1.24222
3.84462,-1.24222
3.89209,-1.24222
3.94015,-1.24222
3.9888,-1.24222
4.03805,-1.24222
4.08791,-1.24222
4.13839,-1.24222
4.18949,-1.24222
4.24122,-1.24222
4.29358,-1.24222
4.3466,-1.24222
4.40027,-1.24222
4.4546,-1.24222
4.5096,-1.24222
4.56529,-1.24222
4.62166,-1.24222
4.67872,-1.24222
4.73649,-1.24222
4.79498,-1.24222
4.85418,-1.24222
4.91412,-1.24222
4.97479,-1.24222
5.03622,-1.24222
5.0984,-1.24222
5.16136,-1.24222
5.22509,-1.24222
5.2896,-1.24222
5.35492,-1.24222
5.42104,-1.24222
5.48797,-1.24222
5.55573,-1.24222
5.62433,-1.24222
5.69378,-1.24222
5.76408,-1.24222
5.83526,-1.24222
5.90731,-1.24222
5.98025,-1.24222
6.05409,-1.24222
6.12884,-1.24222
6.20452,-1.24222
6.28113,-1.24222
6.35868,-1.24222
6.43719,-1.24222
6.51668,-1.24222
6.59714,-1.24222
6.6786,-1.24222
6.76106,-1.24222
6.84455,-1.24222
6.92906,-1.24222
7.01461,-1.24222
7.10123,-1.24222
7.18891,-1.24222
7.27767,-1.24222
7.36753,-1.24222
7.4585,-1.24222
7.5506,-1.24222
7.64383,-1.24222
7.73821,-1.24222
7.83376,-1.24222
7.93049,-1.24222
8.02841,-1.24222
8.12754,-1.24222
8.22789,-1.24222
8.32948,-1.24222
8.43233,-1.24222
8.53645,-1.24222
8.64185,-1.24222
8.74856,-1.24222
8.85658,-1.24222
8.96594,-1.24222
9.07664,-1.24222
9.18872,-1.24222
9.30217,-1.24222
9.41703,-1.24222
9.53331,-1.24222
9.65102,-1.24222
9.77019,-1.24222
9.89082,-1.24222
10.013,-1.24222
10.1366,-1.24222
10.2617,-1.24222
10.3885,-1.24222
10.5167,-1.24222
10.6466,-1.24222
10.778,-1.24222
10.9111,-1.24222
11.0458,-1.24222
11.1822,-1.24222
11.3203,-1.24222
11.4601,-1.24222
11.6016,-1.24222
11.7448,-1.24222
11.8899,-1.24222
12.0367,-1.24222
12.1853,-1.24222
12.3357,-1.24222
12.4881,-1.24222
12.6422,-1.24222
12.7983,-1.24222
12.9564,-1.24222
13.1164,-1.24222
13.2783,-1.24222
13.4423,-1.24222
13.6082,-1.24222
13.7763,-1.24222
13.9464,-1.24222
14.1186,-1.24222
14.2929,-1.24222
14.4694,-1.24222
14.648,-1.24222
14.8289,-1.24222
15.012,-1.24222
15.1974,-1.24222
15.385,-1.24222
15.575,-1.24222
15.7673,-1.24222
15.962,-1.24222
16.1591,-1.24222
16.3586,-1.24222
16.5606,-1.24222
16.7651,-1.24222
16.9721,-1.24222
17.1816,-1.24222
17.3938,-1.24222
17.6085,-1.24222
17.826,-1.24222
18.0461,-1.24222
18.2689,-1.24222
18.4945,-1.24222
18.7228,-1.24222
18.954,-1.24222
19.188,-1.24222
19.425,-1.24222
19.6648,-1.24222
19.9076,-1.24222
20.1534,-1.24222
20.4023,-1.24222
20.6542,-1.24222
20.9092,-1.24222
21.1674,-1.24222
21.4288,-1.24222
21.6933,-1.24222
21.9612,-1.24222
22.2324,-1.24222
22.5069,-1.24222
22.7848,-1.24222
23.0661,-1.24222
23.3509,-1.24222
23.6393,-1.24222
23.9311,-1.24222
24.2266,-1.24221
24.5258,-1.24221
24.8286,-1.24221
25.1352,-1.24221
25.4455,-1.24221
25.7597,-1.24221
26.0778,-1.24221
26.3998,-1.24221
26.7257,-1.2422
27.0557,-1.2422
27.3898,-1.2422
27.728,-1.2422
28.0704,-1.24219
28.417,-1.24219
28.7678,-1.24219
29.123,-1.24218
29.4826,-1.24218
29.8467,-1.24217
30.2152,-1.24216
30.5883,-1.24215
30.966,-1.24214
31.3483,-1.24213
31.7354,-1.24212
32.1273,-1.24211
32.5239,-1.24209
32.9255,-1.24207
33.3321,-1.24205
33.7436,-1.24203
34.1603,-1.242
34.5821,-1.24197
35.0091,-1.24194
35.4414,-1.2419
35.879,-1.24186
36.322,-1.2418
36.7705,-1.24175
37.2245,-1.24168
37.6841,-1.24161
38.1494,-1.24152
38.6205,-1.24143
39.0973,-1.24132
39.5801,-1.24119
40.0688,-1.24105
40.5635,-1.24089
41.0644,-1.24071
41.5714,-1.24051
42.0847,-1.24028
42.6044,-1.24001
43.1304,-1.23971
43.663,-1.23937
44.2021,-1.23899
44.7479,-1.23855
45.3004,-1.23806
45.8598,-1.2375
46.426,-1.23687
46.9993,-1.23616
47.5796,-1.23535
48.1671,-1.23444
48.7618,-1.23341
49.3639,-1.23224
49.9734,-1.23093
50.5905,-1.22944
51.2151,-1.22776
51.8475,-1.22587
52.4877,-1.22373
53.1358,-1.22133
53.7919,-1.21861
54.4561,-1.21555
55.1285,-1.21211
55.8091,-1.20823
56.4982,-1.20386
57.1959,-1.19895
57.9021,-1.19343
58.617,-1.18722
59.3408,-1.18024
60.0735,-1.17241
60.8153,-1.16361
61.5662,-1.15374
62.3264,-1.14266
63.0959,-1.13025
63.875,-1.11633
64.6637,-1.10075
65.4621,-1.08331
66.2704,-1.06379
67.0887,-1.04197
67.9171,-1.01757
68.7557,-0.990322
69.6046,-0.959901
70.4641,-0.925959
71.3341,-0.888111
72.2149,-0.845935
73.1066,-0.798965
74.0093,-0.746692
74.9231,-0.688557
75.8482,-0.623946
76.7847,-0.552191
77.7328,-0.472561
78.6926,-0.38426
79.6643,-0.286421
80.6479,-0.178104
81.6437,-0.0582875
82.6518,0.0741322
83.6724,0.220348
84.7055,0.381644
85.7514,0.559401
86.8102,0.7551
87.8821,0.970322
88.9672,1.20676
90.0657,1.46619
91.1778,1.75052
92.3036,2.06174
93.4433,2.40194
94.5971,2.7733
95.7652,3.17809
96.9476,3.61863
98.1447,4.09729
99.3565,4.61647
100.583,5.17856
101.825,5.78589
103.083,6.44073
104.355,7.14521
105.644,7.90125
106.948,8.71054
108.269,9.57442
109.606,10.4939
110.959,11.4694
112.329,12.501
113.716,13.588
115.12,14.7295
116.542,15.9236
117.981,17.1682
119.437,18.4606
120.912,19.7978
122.405,21.1768
123.916,22.5944
125.447,24.0473
126.995,25.5329
128.564,27.0485
130.151,28.5919
131.758,30.1614
133.385,31.7556
135.032,33.3733
136.699,35.0137
138.387,36.6764
140.096,38.3611
141.826,40.0675
143.577,41.7956
145.35,43.5456
147.144,45.3174
148.961,47.1114
150.8,48.9276
152.662,50.7663
154.547,52.6278
156.456,54.5123
158.388,56.4201
160.343,58.3514
162.323,60.3067
164.327,62.286
166.356,64.2898
168.41,66.3184
170.49,68.372
172.595,70.451
174.726,72.5556
176.883,74.6862
179.068,76.8431
181.279,79.0267
183.517,81.2372
185.783,83.4751
188.077,85.7405
190.399,88.0339
192.75,90.3557
195.13,92.7061
197.539,95.0855
199.978,97.4943
202.448,99.9329
204.947,102.402
207.478,104.901
210.04,107.431
212.633,109.992
215.259,112.585
217.917,115.21
220.607,117.867
223.331,120.557
226.089,123.28
228.881,126.037
231.707,128.828
234.568,131.654
237.464,134.514
240.396,137.41
243.364,140.341
246.369,143.309
249.411,146.313
252.491,149.354
255.608,152.433
258.765,155.55
261.96,158.706
265.194,161.9
268.469,165.134
271.784,168.407
275.139,171.722
278.537,175.077
281.976,178.473
285.458,181.912
288.982,185.392
292.55,188.916
296.163,192.484
299.82,196.095
303.522,199.751
307.269,203.452
311.063,207.199
314.904,210.992
318.792,214.832
322.729,218.72
326.713,222.655
330.748,226.639
334.831,230.672
338.966,234.755
343.151,238.888
347.388,243.073
351.678,247.309
356.02,251.597
360.416,255.939
364.866,260.334
369.371,264.783
373.932,269.287
378.549,273.847
383.223,278.463
387.955,283.136
392.745,287.867
397.595,292.656
402.504,297.504
407.474,302.412
412.505,307.381
417.599,312.411
422.755,317.503
427.975,322.658
433.259,327.877
438.609,333.16
444.025,338.509
449.507,343.923
455.057,349.405
460.676,354.954
466.364,360.571
472.123,366.258
477.952,372.015
483.854,377.843
489.828,383.743
495.876,389.716
501.999,395.763
508.197,401.885
514.472,408.082
520.825,414.355
527.256,420.706
533.766,427.135
540.357,433.644
547.029,440.233
553.783,446.904
560.621,453.657
567.543,460.493
574.551,467.414
581.645,474.42
588.827,481.512
596.097,488.693
603.458,495.961
610.909,503.32
618.452,510.77
626.088,518.311
633.819,525.946
641.645,533.674
649.568,541.499
657.588,549.419
665.708,557.438
673.928,565.556
682.249,573.774
690.673,582.093
699.201,590.515
707.834,599.041
716.574,607.673
725.422,616.411
734.379,625.257
743.447,634.212
752.627,643.277
761.92,652.455
771.327,661.746
780.851,671.151
790.493,680.673
800.253,690.312
810.134,700.071
820.138,709.95
830.264,719.95
840.516,730.075
850.894,740.324
861.4,750.7
872.037,761.204
882.804,771.838
893.704,782.603
904.739,793.5
915.911,804.533
927.22,815.702
938.669,827.008
950.259,838.454
961.992,850.042
973.87,861.773
985.895,873.648
998.068,885.67
1010.39,897.841
1022.87,910.161
1035.5,922.634
1048.28,935.261
1061.23,948.044
1074.33,960.985
1087.6,974.085
1101.02,987.347
1114.62,1000.77
1128.38,1014.37
1142.31,1028.12
1156.42,1042.05
1170.7,1056.16
1185.15,1070.43
1199.79,1084.88
1214.6,1099.51
1229.6,1114.32
1244.78,1129.32
1260.15,1144.5
1275.71,1159.86
1291.46,1175.42
1307.41,1191.17
1323.55,1207.11
1339.89,1223.25
1356.44,1239.59
1373.19,1256.13
1390.14,1272.87
1407.31,1289.83
1424.68,1306.99
1442.28,1324.36
1460.08,1341.95
1478.11,1359.75
1496.36,1377.77
1514.84,1396.02
1533.54,1414.49
1552.48,1433.19
1571.65,1452.12
1591.05,1471.29
1610.7,1490.69
1630.59,1510.33
1650.72,1530.22
1671.1,1550.34
1691.74,1570.72
1712.63,1591.35
1733.77,1612.23
1755.18,1633.38
1776.85,1654.78
1798.79,1676.45
1821,1698.38
1843.49,1720.59
1866.25,1743.07
1889.29,1765.82
1912.62,1788.86
1936.24,1812.18
1960.14,1835.79
1984.35,1859.7
2008.85,1883.89
2033.65,1908.39
2058.76,1933.19
2084.18,1958.29
2109.92,1983.71
2135.97,2009.44
2162.34,2035.48
2189.04,2061.85
2216.07,2088.54
2243.44,2115.57
2271.14,2142.92
2299.18,2170.62
2327.57,2198.65
2356.31,2227.04
2385.4,2255.77
2414.86,2284.86
2444.67,2314.3
2474.86,2344.11
2505.42,2374.29
2536.35,2404.84
2567.67,2435.77
2599.37,2467.08
2631.47,2498.78
2663.96,2530.87
2696.85,2563.35
2730.15,2596.24
2763.86,2629.53
2797.99,2663.23
2832.54,2697.35
